1	скажите	сказать	VERB	_	Aspect=Perf|Mood=Imp|Number=Plur|Person=2|VerbForm=Fin|Voice=Act	_	_	_	@nns1982m-word#@nns1982m#910.211#910.491
2	пожалуйста	пожалуйста	PART	_	_	_	_	_	@nns1982m-word#@nns1982m#910.491#910.771
3	возвращаясь	возвращаться	VERB	_	Aspect=Imp|Tense=Pres|VerbForm=Conv|Voice=Mid	_	_	_	@nns1982m-word#@nns1982m#910.771#911.051
4	к	к	ADP	_	_	_	_	_	@nns1982m-word#@nns1982m#911.051#911.331
5	девяностым	девяностый	ADJ	_	Case=Dat|Degree=Pos|Number=Plur	_	_	_	@nns1982m-word#@nns1982m#911.331#911.611
6	/	/	PUNCT	_	_	_	_	_	@nns1982m-word#@nns1982m#911.611#911.891
7	и	и	CCONJ	_	_	_	_	_	@nns1982m-word#@nns1982m#911.891#912.171
8	к	к	ADP	_	_	_	_	_	@nns1982m-word#@nns1982m#912.171#912.451
9	их	их	DET	_	_	_	_	_	@nns1982m-word#@nns1982m#912.451#912.731
10	оценке	оценка	NOUN	_	Animacy=Inan|Case=Dat|Gender=Fem|Number=Sing	_	_	_	@nns1982m-word#@nns1982m#912.731#913.014
11	э	э	INTJ	_	_	_	_	_	@nns1982m-word#@nns1982m#913.985#914.333
12	какое-то	какой-то	DET	_	Case=Acc|Gender=Neut|Number=Sing	_	_	_	@nns1982m-word#@nns1982m#914.333#914.681
13	количество	количество	NOUN	_	Animacy=Inan|Case=Nom|Gender=Neut|Number=Sing	_	_	_	@nns1982m-word#@nns1982m#914.681#915.029
14	институтов	институт	NOUN	_	Animacy=Inan|Case=Gen|Gender=Masc|Number=Plur	_	_	_	@nns1982m-word#@nns1982m#915.029#915.377
15	/	/	PUNCT	_	_	_	_	_	@nns1982m-word#@nns1982m#915.377#915.725
16	я	я	PRON	_	Case=Nom|Number=Sing|Person=1	_	_	_	@nns1982m-word#@nns1982m#915.725#916.073
17	имею	иметь	VERB	_	Aspect=Imp|Mood=Ind|Number=Sing|Person=1|Tense=Pres|VerbForm=Fin|Voice=Act	_	_	_	@nns1982m-word#@nns1982m#916.073#916.421
18	в	в	ADP	_	_	_	_	_	@nns1982m-word#@nns1982m#916.421#916.769
19	виду	вид	NOUN	_	Animacy=Inan|Case=Dat|Gender=Masc|Number=Sing	_	_	_	@nns1982m-word#@nns1982m#916.769#917.117
20	и	и	CCONJ	_	_	_	_	_	@nns1982m-word#@nns1982m#917.117#917.465
21	гуманитарное	гуманитарный	ADJ	_	Case=Nom|Degree=Pos|Gender=Neut|Number=Sing	_	_	_	@nns1982m-word#@nns1982m#917.465#917.813
22	знание	знание	NOUN	_	Animacy=Inan|Case=Nom|Gender=Neut|Number=Sing	_	_	_	@nns1982m-word#@nns1982m#917.813#918.161
23	и-и-и	и-и-и	CCONJ	_	_	_	_	_	@nns1982m-word#@nns1982m#918.161#918.509
24	точные	точный	ADJ	_	Case=Nom|Degree=Pos|Number=Plur	_	_	_	@nns1982m-word#@nns1982m#918.509#918.857
25	науки	наука	NOUN	_	Animacy=Inan|Case=Nom|Gender=Fem|Number=Plur	_	_	_	@nns1982m-word#@nns1982m#918.857#919.205
26	/	/	PUNCT	_	_	_	_	_	@nns1982m-word#@nns1982m#919.205#919.553
27	в	в	ADP	_	_	_	_	_	@nns1982m-word#@nns1982m#919.553#919.901
28	т ом	тот	DET	_	Case=Loc|Gender=Neut|Number=Sing	_	_	_	@nns1982m-word#@nns1982m#919.901#920.249
29	числе	число	NOUN	_	Animacy=Inan|Case=Loc|Gender=Neut|Number=Sing	_	_	_	@nns1982m-word#@nns1982m#920.249#920.597
30	/	/	PUNCT	_	_	_	_	_	@nns1982m-word#@nns1982m#920.597#920.945
31	огромное	огромный	ADJ	_	Case=Nom|Degree=Pos|Gender=Neut|Number=Sing	_	_	_	@nns1982m-word#@nns1982m#920.945#921.293
32	количество	количество	NOUN	_	Animacy=Inan|Case=Nom|Gender=Neut|Number=Sing	_	_	_	@nns1982m-word#@nns1982m#921.293#921.641
33	каких-то	какой-то	DET	_	Case=Gen|Number=Plur	_	_	_	@nns1982m-word#@nns1982m#921.641#921.989
34	физических	физический	ADJ	_	Case=Gen|Degree=Pos|Number=Plur	_	_	_	@nns1982m-word#@nns1982m#921.989#922.337
35	институтов	институт	NOUN	_	Animacy=Inan|Case=Gen|Gender=Masc|Number=Plur	_	_	_	@nns1982m-word#@nns1982m#922.337#922.685
36	занимающихся	заниматься	VERB	_	Aspect=Imp|Case=Gen|Number=Plur|Tense=Pres|VerbForm=Part|Voice=Act	_	_	_	@nns1982m-word#@nns1982m#922.685#923.033
37	точными	точный	ADJ	_	Case=Ins|Degree=Pos|Number=Plur	_	_	_	@nns1982m-word#@nns1982m#923.033#923.381
38	науками	наука	NOUN	_	Animacy=Inan|Case=Ins|Gender=Fem|Number=Plur	_	_	_	@nns1982m-word#@nns1982m#923.381#923.729
39	/	/	PUNCT	_	_	_	_	_	@nns1982m-word#@nns1982m#923.729#924.077
40	мм	мм	INTJ	_	_	_	_	_	@nns1982m-word#@nns1982m#924.077#924.425
41	всё-таки	всё-таки	PART	_	_	_	_	_	@nns1982m-word#@nns1982m#924.425#924.773
42	до	до	ADP	_	_	_	_	_	@nns1982m-word#@nns1982m#924.773#925.121
43	девяностых	девяностый	ADJ	_	Case=Gen|Degree=Pos|Number=Plur	_	_	_	@nns1982m-word#@nns1982m#925.121#925.469
44	/	/	PUNCT	_	_	_	_	_	@nns1982m-word#@nns1982m#925.469#925.817
45	существовали	существовать	VERB	_	Aspect=Imp|Mood=Ind|Number=Plur|Tense=Past|VerbForm=Fin|Voice=Act	_	_	_	@nns1982m-word#@nns1982m#925.817#926.165
46	и	и	CCONJ	_	_	_	_	_	@nns1982m-word#@nns1982m#926.165#926.513
47	работали	работать	VERB	_	Aspect=Imp|Mood=Ind|Number=Plur|Tense=Past|VerbForm=Fin|Voice=Act	_	_	_	@nns1982m-word#@nns1982m#926.513#926.861
48	более	более	ADV	_	Degree=Cmp	_	_	_	@nns1982m-word#@nns1982m#926.861#927.209
49	ээ	ээ	INTJ	_	_	_	_	_	@nns1982m-word#@nns1982m#927.209#927.557
50	коллективы	коллектив	NOUN	_	Animacy=Inan|Case=Nom|Gender=Masc|Number=Plur	_	_	_	@nns1982m-word#@nns1982m#927.557#927.905
51	/	/	PUNCT	_	_	_	_	_	@nns1982m-word#@nns1982m#927.905#928.253
52	где-то	где-то	ADV	_	Degree=Pos	_	_	_	@nns1982m-word#@nns1982m#928.253#928.601
53	более	более	ADV	_	Degree=Cmp	_	_	_	@nns1982m-word#@nns1982m#928.601#928.949
54	успешные	успешный	ADJ	_	Case=Nom|Degree=Pos|Number=Plur	_	_	_	@nns1982m-word#@nns1982m#928.949#929.297
55	где-то	где-то	ADV	_	Degree=Pos	_	_	_	@nns1982m-word#@nns1982m#929.297#929.645
56	менее	менее	ADV	_	Degree=Cmp	_	_	_	@nns1982m-word#@nns1982m#929.645#929.993
57	успешные	успешный	ADJ	_	Case=Nom|Degree=Pos|Number=Plur	_	_	_	@nns1982m-word#@nns1982m#929.993#930.341
58	и	и	CCONJ	_	_	_	_	_	@nns1982m-word#@nns1982m#930.341#930.689
59	так	так	ADV	_	Degree=Pos	_	_	_	@nns1982m-word#@nns1982m#930.689#931.037
60	далее	далее	ADV	_	Degree=Pos	_	_	_	@nns1982m-word#@nns1982m#931.037#931.385
61	/	/	PUNCT	_	_	_	_	_	@nns1982m-word#@nns1982m#931.385#931.733
62	но	но	CCONJ	_	_	_	_	_	@nns1982m-word#@nns1982m#931.733#932.081
63	это	это	PRON	_	Animacy=Inan|Case=Nom|Gender=Neut|Number=Sing	_	_	_	@nns1982m-word#@nns1982m#932.081#932.429
64	были	быть	AUX	_	Aspect=Imp|Mood=Ind|Number=Plur|Tense=Past|VerbForm=Fin|Voice=Act	_	_	_	@nns1982m-word#@nns1982m#932.429#932.777
65	огромные	огромный	ADJ	_	Case=Nom|Degree=Pos|Number=Plur	_	_	_	@nns1982m-word#@nns1982m#932.777#933.125
66	институты	институт	NOUN	_	Animacy=Inan|Case=Nom|Gender=Masc|Number=Plur	_	_	_	@nns1982m-word#@nns1982m#933.125#933.499
67	и-и	и-и	CCONJ	_	_	_	_	_	@nns1982m-word#@nns1982m#934.046#934.355
68	сейчас	сейчас	ADV	_	Degree=Pos	_	_	_	@nns1982m-word#@nns1982m#934.355#934.664
69	все	все	PRON	_	Animacy=Anim|Case=Nom|Number=Plur	_	_	_	@nns1982m-word#@nns1982m#934.664#934.973
70	когда	когда	SCONJ	_	_	_	_	_	@nns1982m-word#@nns1982m#934.973#935.282
71	вспоминают	вспоминать	VERB	_	Aspect=Imp|Mood=Ind|Number=Plur|Person=3|Tense=Pres|VerbForm=Fin|Voice=Act	_	_	_	@nns1982m-word#@nns1982m#935.282#935.591
72	/	/	PUNCT	_	_	_	_	_	@nns1982m-word#@nns1982m#935.591#935.9
73	что	что	SCONJ	_	_	_	_	_	@nns1982m-word#@nns1982m#935.9#936.209
74	происходило	происходить	VERB	_	Aspect=Imp|Gender=Neut|Mood=Ind|Number=Sing|Tense=Past|VerbForm=Fin|Voice=Act	_	_	_	@nns1982m-word#@nns1982m#936.209#936.518
75	с	с	ADP	_	_	_	_	_	@nns1982m-word#@nns1982m#936.518#936.827
76	этими	этот	DET	_	Case=Ins|Number=Plur	_	_	_	@nns1982m-word#@nns1982m#936.827#937.136
77	институтами	институт	NOUN	_	Animacy=Inan|Case=Ins|Gender=Masc|Number=Plur	_	_	_	@nns1982m-word#@nns1982m#937.136#937.445
78	в	в	ADP	_	_	_	_	_	@nns1982m-word#@nns1982m#937.445#937.754
79	девяностые	девяностый	ADJ	_	Animacy=Inan|Case=Acc|Degree=Pos|Number=Plur	_	_	_	@nns1982m-word#@nns1982m#937.754#938.063
80	годы	год	NOUN	_	Animacy=Inan|Case=Acc|Gender=Masc|Number=Plur	_	_	_	@nns1982m-word#@nns1982m#938.063#938.379
81	э	э	INTJ	_	_	_	_	_	@nns1982m-word#@nns1982m#939.319#939.631
82	/	/	PUNCT	_	_	_	_	_	@nns1982m-word#@nns1982m#939.631#939.943
83	м-можно	можно	ADV	_	Degree=Pos	_	_	_	@nns1982m-word#@nns1982m#939.943#940.255
84	ли	ли	PART	_	_	_	_	_	@nns1982m-word#@nns1982m#940.255#940.567
85	было	быть	AUX	_	Aspect=Imp|Gender=Neut|Mood=Ind|Number=Sing|Tense=Past|VerbForm=Fin|Voice=Act	_	_	_	@nns1982m-word#@nns1982m#940.567#940.879
86	как-то	как-то	ADV	_	Degree=Pos	_	_	_	@nns1982m-word#@nns1982m#940.879#941.191
87	по-другому	по-другому	ADV	_	Degree=Pos	_	_	_	@nns1982m-word#@nns1982m#941.191#941.503
88	отнестись	отнести	VERB	_	Aspect=Perf|VerbForm=Inf|Voice=Mid	_	_	_	@nns1982m-word#@nns1982m#941.503#941.815
89	вот	вот	PART	_	_	_	_	_	@nns1982m-word#@nns1982m#941.815#942.127
90	к	к	ADP	_	_	_	_	_	@nns1982m-word#@nns1982m#942.127#942.439
91	этому	этот	DET	_	Case=Dat|Gender=Neut|Number=Sing	_	_	_	@nns1982m-word#@nns1982m#942.439#942.751
92	сталинскому	сталинский	ADJ	_	Case=Dat|Degree=Pos|Gender=Neut|Number=Sing	_	_	_	@nns1982m-word#@nns1982m#942.751#943.063
93	наследию	наследие	NOUN	_	Animacy=Inan|Case=Dat|Gender=Neut|Number=Sing	_	_	_	@nns1982m-word#@nns1982m#943.063#943.375
94	?	?	PUNCT	_	_	_	_	_	@nns1982m-word#@nns1982m#943.375#943.687
95	/	/	PUNCT	_	_	_	_	_	@nns1982m-word#@nns1982m#943.687#943.999
96	а	а	CCONJ	_	_	_	_	_	@nns1982m-word#@nns1982m#943.999#944.311
97	не	не	PART	_	_	_	_	_	@nns1982m-word#@nns1982m#944.311#944.623
98	рисовать	рисовать	VERB	_	Aspect=Imp|VerbForm=Inf|Voice=Act	_	_	_	@nns1982m-word#@nns1982m#944.623#944.935
99	картину	картина	NOUN	_	Animacy=Inan|Case=Acc|Gender=Fem|Number=Sing	_	_	_	@nns1982m-word#@nns1982m#944.935#945.247
100	или	или	CCONJ	_	_	_	_	_	@nns1982m-word#@nns1982m#945.247#945.559
101	не	не	PART	_	_	_	_	_	@nns1982m-word#@nns1982m#945.559#945.871
102	/	/	PUNCT	_	_	_	_	_	@nns1982m-word#@nns1982m#945.871#946.183
103	осуществлять	осуществлять	VERB	_	Aspect=Imp|VerbForm=Inf|Voice=Act	_	_	_	@nns1982m-word#@nns1982m#946.183#946.495
104	картину	картина	NOUN	_	Animacy=Inan|Case=Acc|Gender=Fem|Number=Sing	_	_	_	@nns1982m-word#@nns1982m#946.495#946.807
105	в	в	ADP	_	_	_	_	_	@nns1982m-word#@nns1982m#946.807#947.119
106	которой	который	PRON	_	Case=Loc	_	_	_	@nns1982m-word#@nns1982m#947.119#947.431
107	/	/	PUNCT	_	_	_	_	_	@nns1982m-word#@nns1982m#947.431#947.743
108	учёные	учёный	ADJ	_	Case=Nom|Degree=Pos|Number=Plur	_	_	_	@nns1982m-word#@nns1982m#947.743#948.055
109	которые	который	PRON	_	Case=Nom	_	_	_	@nns1982m-word#@nns1982m#948.055#948.367
110	там	там	ADV	_	Degree=Pos	_	_	_	@nns1982m-word#@nns1982m#948.367#948.679
111	/	/	PUNCT	_	_	_	_	_	@nns1982m-word#@nns1982m#948.679#948.991
112	в	в	ADP	_	_	_	_	_	@nns1982m-word#@nns1982m#948.991#949.303
113	советские	советский	ADJ	_	Animacy=Inan|Case=Acc|Degree=Pos|Number=Plur	_	_	_	@nns1982m-word#@nns1982m#949.303#949.615
114	годы	год	NOUN	_	Animacy=Inan|Case=Acc|Gender=Masc|Number=Plur	_	_	_	@nns1982m-word#@nns1982m#949.615#949.927
115	пускай	пускай	PART	_	_	_	_	_	@nns1982m-word#@nns1982m#949.927#950.239
116	получали	получать	VERB	_	Aspect=Imp|Mood=Ind|Number=Plur|Tense=Past|VerbForm=Fin|Voice=Act	_	_	_	@nns1982m-word#@nns1982m#950.239#950.551
117	невысокую	невысокий	ADJ	_	Case=Acc|Degree=Pos|Gender=Fem|Number=Sing	_	_	_	@nns1982m-word#@nns1982m#950.551#950.863
118	зарплату	зарплата	NOUN	_	Animacy=Inan|Case=Acc|Gender=Fem|Number=Sing	_	_	_	@nns1982m-word#@nns1982m#950.863#951.175
119	но	но	CCONJ	_	_	_	_	_	@nns1982m-word#@nns1982m#951.175#951.487
120	это	это	PRON	_	Animacy=Inan|Case=Nom|Gender=Neut|Number=Sing	_	_	_	@nns1982m-word#@nns1982m#951.487#951.799
121	была	быть	AUX	_	Aspect=Imp|Gender=Fem|Mood=Ind|Number=Sing|Tense=Past|VerbForm=Fin|Voice=Act	_	_	_	@nns1982m-word#@nns1982m#951.799#952.111
122	точно	точный	ADV	_	Degree=Pos	_	_	_	@nns1982m-word#@nns1982m#952.111#952.423
123	зарплата	зарплата	NOUN	_	Animacy=Inan|Case=Nom|Gender=Fem|Number=Sing	_	_	_	@nns1982m-word#@nns1982m#952.423#952.735
124	там	там	ADV	_	Degree=Pos	_	_	_	@nns1982m-word#@nns1982m#952.735#953.047
125	не	не	PART	_	_	_	_	_	@nns1982m-word#@nns1982m#953.047#953.359
126	ниже	низкий	ADJ	_	Degree=Cmp	_	_	_	@nns1982m-word#@nns1982m#953.359#953.671
127	среднего	средний	ADJ	_	Case=Gen|Degree=Pos|Gender=Masc|Number=Sing	_	_	_	@nns1982m-word#@nns1982m#953.671#953.983
128	#вздох#	#вздох#	X	_	_	_	_	_	@nns1982m-word#@nns1982m#953.983#954.295
129	/	/	PUNCT	_	_	_	_	_	@nns1982m-word#@nns1982m#954.295#954.607
130	чтобы	чтобы	SCONJ	_	Mood=Cnd	_	_	_	@nns1982m-word#@nns1982m#954.607#954.919
131	в	в	ADP	_	_	_	_	_	@nns1982m-word#@nns1982m#954.919#955.231
132	девяностые	девяностый	ADJ	_	Animacy=Inan|Case=Acc|Degree=Pos|Number=Plur	_	_	_	@nns1982m-word#@nns1982m#955.231#955.543
133	годы	год	NOUN	_	Animacy=Inan|Case=Acc|Gender=Masc|Number=Plur	_	_	_	@nns1982m-word#@nns1982m#955.543#955.855
134	они	они	PRON	_	Case=Nom|Number=Plur|Person=3	_	_	_	@nns1982m-word#@nns1982m#955.855#956.167
135	вдруг	вдруг	ADV	_	Degree=Pos	_	_	_	@nns1982m-word#@nns1982m#956.167#956.479
136	все	все	PRON	_	_	_	_	_	@nns1982m-word#@nns1982m#956.479#956.791
137	не	не	PART	_	_	_	_	_	@nns1982m-word#@nns1982m#956.791#957.103
138	превратились	превратиться	VERB	_	Aspect=Perf|Mood=Ind|Number=Plur|Tense=Past|VerbForm=Fin|Voice=Mid	_	_	_	@nns1982m-word#@nns1982m#957.103#957.415
139	в	в	ADP	_	_	_	_	_	@nns1982m-word#@nns1982m#957.415#957.744
140	ммм	ммм	INTJ	_	_	_	_	_	@nns1982m-word#@nns1982m#957.744#959.117
141	в	в	ADP	_	_	_	_	_	@nns1982m-word#@nns1982m#959.122#959.292
142	нищих	нищий	NOUN	_	Animacy=Anim|Case=Acc|Degree=Pos|Number=Plur	_	_	_	@nns1982m-word#@nns1982m#959.292#959.462
143	а	а	CCONJ	_	_	_	_	_	@nns1982m-word#@nns1982m#960.499#960.83
144	многие-многие-многие	многие-многие-много	PRON	_	Case=Nom|Number=Plur	_	_	_	@nns1982m-word#@nns1982m#960.83#961.161
145	из	из	ADP	_	_	_	_	_	@nns1982m-word#@nns1982m#961.161#961.492
146	них	они	PRON	_	Case=Gen|Number=Plur|Person=3	_	_	_	@nns1982m-word#@nns1982m#961.492#961.823
147	были	быть	AUX	_	Aspect=Imp|Mood=Ind|Number=Plur|Tense=Past|VerbForm=Fin|Voice=Act	_	_	_	@nns1982m-word#@nns1982m#961.823#962.154
148	вынуждены	вынудить	ADJ	_	Degree=Pos|Number=Plur|Variant=Short	_	_	_	@nns1982m-word#@nns1982m#962.154#962.485
149	просто	просто	PART	_	_	_	_	_	@nns1982m-word#@nns1982m#962.485#962.816
150	оставить	оставить	VERB	_	Aspect=Perf|VerbForm=Inf|Voice=Act	_	_	_	@nns1982m-word#@nns1982m#962.816#963.147
151	свою	свой	DET	_	Case=Acc|Gender=Fem|Number=Sing	_	_	_	@nns1982m-word#@nns1982m#963.147#963.478
152	профессию	профессия	NOUN	_	Animacy=Inan|Case=Acc|Gender=Fem|Number=Sing	_	_	_	@nns1982m-word#@nns1982m#963.478#963.809
153	и	и	CCONJ	_	_	_	_	_	@nns1982m-word#@nns1982m#963.809#964.14
154	заняться	заняться	VERB	_	Aspect=Perf|VerbForm=Inf|Voice=Mid	_	_	_	@nns1982m-word#@nns1982m#964.14#964.471
155	бизнесом	бизнес	NOUN	_	Animacy=Inan|Case=Ins|Gender=Masc|Number=Sing	_	_	_	@nns1982m-word#@nns1982m#964.471#964.802
156	/	/	PUNCT	_	_	_	_	_	@nns1982m-word#@nns1982m#964.802#965.133
157	аа	аа	PART	_	_	_	_	_	@nns1982m-word#@nns1982m#965.133#965.464
158	те	тот	DET	_	Case=Nom|Number=Plur	_	_	_	@nns1982m-word#@nns1982m#965.464#965.795
159	которые	который	PRON	_	Case=Nom|Number=Plur	_	_	_	@nns1982m-word#@nns1982m#965.795#966.126
160	не	не	PART	_	_	_	_	_	@nns1982m-word#@nns1982m#966.126#966.457
161	занялись	заняться	VERB	_	Aspect=Perf|Mood=Ind|Number=Plur|Tense=Past|VerbForm=Fin|Voice=Mid	_	_	_	@nns1982m-word#@nns1982m#966.457#966.788
162	бизнесом	бизнес	NOUN	_	Animacy=Inan|Case=Ins|Gender=Masc|Number=Sing	_	_	_	@nns1982m-word#@nns1982m#966.788#967.119
163	уехали	уехать	VERB	_	Aspect=Perf|Mood=Ind|Number=Plur|Tense=Past|VerbForm=Fin|Voice=Act	_	_	_	@nns1982m-word#@nns1982m#967.119#967.45
164	за	за	ADP	_	_	_	_	_	@nns1982m-word#@nns1982m#967.45#967.781
165	границу	граница	NOUN	_	Animacy=Inan|Case=Acc|Gender=Fem|Number=Sing	_	_	_	@nns1982m-word#@nns1982m#967.781#968.128
166	в	в	ADP	_	_	_	_	_	@nns1982m-word#@nns1982m#1000.372#1000.552
167	НИИ	НИИ	NOUN	_	Animacy=Inan|Case=Ins|Gender=Masc	_	_	_	@nns1982m-word#@nns1982m#1000.552#1000.732
168	да	да	PART	_	_	_	_	_	@nns1982m-word#@nns1982m#1000.732#1000.912
169	?	?	PUNCT	_	_	_	_	_	@nns1982m-word#@nns1982m#1000.912#1001.093
170	ну	ну	INTJ	_	_	_	_	_	@nns1982m-word#@nns1982m#1073.062#1073.384
171	не	не	PART	_	_	_	_	_	@nns1982m-word#@nns1982m#1073.384#1073.706
172	какие-то	какой-то	DET	_	Case=Nom|Number=Plur	_	_	_	@nns1982m-word#@nns1982m#1073.706#1074.028
173	а	а	CCONJ	_	_	_	_	_	@nns1982m-word#@nns1982m#1074.028#1074.35
174	настоящие	настоящий	ADJ	_	Case=Nom|Degree=Pos|Number=Plur	_	_	_	@nns1982m-word#@nns1982m#1074.35#1074.672
175	бандиты	бандит	NOUN	_	Animacy=Anim|Case=Nom|Gender=Masc|Number=Plur	_	_	_	@nns1982m-word#@nns1982m#1074.672#1074.994
176	бандиты	бандит	NOUN	_	Animacy=Anim|Case=Nom|Gender=Masc|Number=Plur	_	_	_	@nns1982m-word#@nns1982m#1074.994#1075.316
177	бандиты	бандит	NOUN	_	Animacy=Anim|Case=Nom|Gender=Masc|Number=Plur	_	_	_	@nns1982m-word#@nns1982m#1075.316#1075.638
178	управляли	управлять	VERB	_	Aspect=Imp|Mood=Ind|Number=Plur|Tense=Past|VerbForm=Fin|Voice=Act	_	_	_	@nns1982m-word#@nns1982m#1075.638#1075.96
179	страной	страна	NOUN	_	Animacy=Inan|Case=Ins|Gender=Fem|Number=Sing	_	_	_	@nns1982m-word#@nns1982m#1075.96#1076.285
180	а	а	PART	_	_	_	_	_	@nns1982m-word#@nns1982m#1085.517#1085.609
181	вот	вот	PART	_	_	_	_	_	@nns1982m-word#@nns1982m#1085.609#1085.702
182	а	а	PART	_	_	_	_	_	@nns1982m-word#@nns1982m#1107.295#1107.433
183	вам	вы	PRON	_	Case=Dat|Number=Plur|Person=2	_	_	_	@nns1982m-word#@nns1982m#1107.433#1107.571
184	как	как	ADV	_	Degree=Pos	_	_	_	@nns1982m-word#@nns1982m#1107.571#1107.709
185	кажется	казаться	VERB	_	Aspect=Imp|Mood=Ind|Number=Sing|Person=3|Tense=Pres|VerbForm=Fin|Voice=Mid	_	_	_	@nns1982m-word#@nns1982m#1107.709#1107.847
186	/	/	PUNCT	_	_	_	_	_	@nns1982m-word#@nns1982m#1107.847#1107.985
187	можно	можно	PRED	_	_	_	_	_	@nns1982m-word#@nns1982m#1107.985#1108.123
188	было	быть	AUX	_	Aspect=Imp|Gender=Neut|Mood=Ind|Number=Sing|Tense=Past|VerbForm=Fin|Voice=Act	_	_	_	@nns1982m-word#@nns1982m#1108.123#1108.261
189	бы	бы	PART	_	_	_	_	_	@nns1982m-word#@nns1982m#1108.261#1108.399
190	или	или	CCONJ	_	_	_	_	_	@nns1982m-word#@nns1982m#1108.399#1108.537
191	нет	нет	PART	_	_	_	_	_	@nns1982m-word#@nns1982m#1108.537#1108.675
192	?	?	PUNCT	_	_	_	_	_	@nns1982m-word#@nns1982m#1108.675#1108.817
193	либо	либо	CCONJ	_	_	_	_	_	@nns1982m-word#@nns1982m#1117.672#1117.929
194	наоборот	наоборот	ADV	_	Degree=Pos	_	_	_	@nns1982m-word#@nns1982m#1117.929#1118.186
195	а	а	PART	_	_	_	_	_	@nns1982m-word#@nns1982m#1150.901#1151.117
196	вы	вы	PRON	_	Case=Nom|Number=Plur|Person=2	_	_	_	@nns1982m-word#@nns1982m#1151.117#1151.333
197	скорее	скорее	ADV	_	Degree=Pos	_	_	_	@nns1982m-word#@nns1982m#1151.333#1151.549
198	на	на	ADP	_	_	_	_	_	@nns1982m-word#@nns1982m#1151.549#1151.765
199	стороне	сторона	NOUN	_	Animacy=Inan|Case=Loc|Gender=Fem|Number=Sing	_	_	_	@nns1982m-word#@nns1982m#1151.765#1151.981
200	Ельцина	Ельцин	NOUN	_	Animacy=Hum|Case=Gen|Gender=Masc|Number=Sing	_	_	_	@nns1982m-word#@nns1982m#1151.981#1152.197
201	или	или	CCONJ	_	_	_	_	_	@nns1982m-word#@nns1982m#1152.197#1152.413
202	Горбачёва	Горбачев	NOUN	_	Animacy=Hum|Case=Gen|Gender=Masc|Number=Sing	_	_	_	@nns1982m-word#@nns1982m#1152.413#1152.629
203	?	?	PUNCT	_	_	_	_	_	@nns1982m-word#@nns1982m#1152.629#1152.845
204	#вздох#	#вздох#	X	_	_	_	_	_	@idp1956f-word#@idp1956f#968.765#969.1
205	э	э	INTJ	_	_	_	_	_	@idp1956f-word#@idp1956f#969.1#969.435
206	знаете	знать	VERB	_	Aspect=Imp|Mood=Ind|Number=Plur|Person=2|Tense=Pres|VerbForm=Fin|Voice=Act	_	_	_	@idp1956f-word#@idp1956f#969.435#969.77
207	вы	вы	PRON	_	Case=Nom|Number=Plur|Person=2	_	_	_	@idp1956f-word#@idp1956f#969.77#970.105
208	затронули	затронуть	VERB	_	Aspect=Perf|Mood=Ind|Number=Plur|Tense=Past|VerbForm=Fin|Voice=Act	_	_	_	@idp1956f-word#@idp1956f#970.105#970.44
209	как	как	SCONJ	_	_	_	_	_	@idp1956f-word#@idp1956f#970.44#970.775
210	раз	раз	NOUN	_	Animacy=Inan|Case=Acc|Gender=Masc|Number=Sing	_	_	_	@idp1956f-word#@idp1956f#970.775#971.11
211	мне	я	PRON	_	Case=Dat|Number=Sing|Person=1	_	_	_	@idp1956f-word#@idp1956f#971.11#971.445
212	кажется	казаться	VERB	_	Aspect=Imp|Mood=Ind|Number=Sing|Person=3|Tense=Pres|VerbForm=Fin|Voice=Mid	_	_	_	@idp1956f-word#@idp1956f#971.445#971.78
213	фундаментальный	фундаментальный	ADJ	_	Case=Nom|Degree=Pos|Gender=Masc|Number=Sing	_	_	_	@idp1956f-word#@idp1956f#971.78#972.115
214	вопрос	вопрос	NOUN	_	Animacy=Inan|Case=Nom|Gender=Masc|Number=Sing	_	_	_	@idp1956f-word#@idp1956f#972.115#972.45
215	/	/	PUNCT	_	_	_	_	_	@idp1956f-word#@idp1956f#972.45#972.785
216	аа	аа	X	_	_	_	_	_	@idp1956f-word#@idp1956f#972.785#973.12
217	я	я	PRON	_	Case=Nom|Number=Sing|Person=1	_	_	_	@idp1956f-word#@idp1956f#973.12#973.455
218	не	не	PART	_	_	_	_	_	@idp1956f-word#@idp1956f#973.455#973.79
219	знаю	знать	VERB	_	Aspect=Imp|Mood=Ind|Number=Sing|Person=1|Tense=Pres|VerbForm=Fin|Voice=Act	_	_	_	@idp1956f-word#@idp1956f#973.79#974.125
220	это	это	PRON	_	Animacy=Inan|Case=Acc|Gender=Neut|Number=Sing	_	_	_	@idp1956f-word#@idp1956f#974.125#974.46
221	надо	надо	ADV	_	Degree=Pos	_	_	_	@idp1956f-word#@idp1956f#974.46#974.795
222	спрашивать	спрашивать	VERB	_	Aspect=Imp|VerbForm=Inf|Voice=Act	_	_	_	@idp1956f-word#@idp1956f#974.795#975.13
223	э...	э...	INTJ	_	_	_	_	_	@idp1956f-word#@idp1956f#975.13#975.465
224	экономистов	экономист	NOUN	_	Animacy=Anim|Case=Gen|Gender=Masc|Number=Plur	_	_	_	@idp1956f-word#@idp1956f#975.465#975.8
225	/	/	PUNCT	_	_	_	_	_	@idp1956f-word#@idp1956f#975.8#976.135
226	люди	человек	NOUN	_	Animacy=Anim|Case=Nom|Gender=Masc|Number=Plur	_	_	_	@idp1956f-word#@idp1956f#976.135#976.47
227	которые	который	DET	_	Case=Nom|Number=Plur	_	_	_	@idp1956f-word#@idp1956f#976.47#976.805
228	серьёзно	серьёзно	ADV	_	Degree=Pos	_	_	_	@idp1956f-word#@idp1956f#976.805#977.14
229	знали	знать	VERB	_	Aspect=Imp|Mood=Ind|Number=Plur|Tense=Past|VerbForm=Fin|Voice=Act	_	_	_	@idp1956f-word#@idp1956f#977.14#977.475
230	вот	вот	PART	_	_	_	_	_	@idp1956f-word#@idp1956f#977.475#977.81
231	ситуацию	ситуация	NOUN	_	Animacy=Inan|Case=Acc|Gender=Fem|Number=Sing	_	_	_	@idp1956f-word#@idp1956f#977.81#978.145
232	экономическую	экономический	ADJ	_	Case=Acc|Degree=Pos|Gender=Fem|Number=Sing	_	_	_	@idp1956f-word#@idp1956f#978.145#978.48
233	/	/	PUNCT	_	_	_	_	_	@idp1956f-word#@idp1956f#978.48#978.815
234	а	а	X	_	_	_	_	_	@idp1956f-word#@idp1956f#978.815#979.15
235	в	в	ADP	_	_	_	_	_	@idp1956f-word#@idp1956f#979.15#979.485
236	стране	страна	NOUN	_	Animacy=Inan|Case=Loc|Gender=Fem|Number=Sing	_	_	_	@idp1956f-word#@idp1956f#979.485#979.82
237	в	в	ADP	_	_	_	_	_	@idp1956f-word#@idp1956f#979.82#980.155
238	начале	начало	NOUN	_	Animacy=Inan|Case=Loc|Gender=Neut|Number=Sing	_	_	_	@idp1956f-word#@idp1956f#980.155#980.49
239	девяностых	девяностый	ADJ	_	Case=Gen|Degree=Pos|Number=Plur	_	_	_	@idp1956f-word#@idp1956f#980.49#980.825
240	годов	год	NOUN	_	Animacy=Inan|Case=Gen|Gender=Masc|Number=Plur	_	_	_	@idp1956f-word#@idp1956f#980.825#981.16
241	/	/	PUNCT	_	_	_	_	_	@idp1956f-word#@idp1956f#981.16#981.495
242	а	а	X	_	_	_	_	_	@idp1956f-word#@idp1956f#981.495#981.83
243	но	но	CCONJ	_	_	_	_	_	@idp1956f-word#@idp1956f#981.83#982.165
244	в	в	ADP	_	_	_	_	_	@idp1956f-word#@idp1956f#982.165#982.5
245	общем	общий	ADJ	_	Case=Loc|Degree=Pos|Gender=Neut|Number=Sing	_	_	_	@idp1956f-word#@idp1956f#982.5#982.835
246	я	я	PRON	_	Case=Nom|Number=Sing|Person=1	_	_	_	@idp1956f-word#@idp1956f#982.835#983.17
247	думаю	думать	VERB	_	Aspect=Imp|Mood=Ind|Number=Sing|Person=1|Tense=Pres|VerbForm=Fin|Voice=Act	_	_	_	@idp1956f-word#@idp1956f#983.17#983.505
248	может	мочь	VERB	_	Aspect=Imp|Mood=Ind|Number=Sing|Person=3|Tense=Pres|VerbForm=Fin|Voice=Act	_	_	_	@idp1956f-word#@idp1956f#983.505#983.84
249	быть	быть	VERB	_	Aspect=Imp|VerbForm=Inf|Voice=Act	_	_	_	@idp1956f-word#@idp1956f#983.84#984.175
250	одна	один	NUM	_	Case=Nom|Gender=Fem	_	_	_	@idp1956f-word#@idp1956f#984.175#984.51
251	из	из	ADP	_	_	_	_	_	@idp1956f-word#@idp1956f#984.51#984.845
252	главных	главный	ADJ	_	Case=Gen|Degree=Pos|Number=Plur	_	_	_	@idp1956f-word#@idp1956f#984.845#985.18
253	ошибок	ошибка	NOUN	_	Animacy=Inan|Case=Gen|Gender=Fem|Number=Plur	_	_	_	@idp1956f-word#@idp1956f#985.18#985.515
254	/	/	PUNCT	_	_	_	_	_	@idp1956f-word#@idp1956f#985.515#985.85
255	демократов	демократ	NOUN	_	Animacy=Anim|Case=Gen|Gender=Masc|Number=Plur	_	_	_	@idp1956f-word#@idp1956f#985.85#986.185
256	/	/	PUNCT	_	_	_	_	_	@idp1956f-word#@idp1956f#986.185#986.52
257	что	что	SCONJ	_	_	_	_	_	@idp1956f-word#@idp1956f#986.52#986.855
258	они	они	PRON	_	Case=Nom|Number=Plur|Person=3	_	_	_	@idp1956f-word#@idp1956f#986.855#987.19
259	не	не	PART	_	_	_	_	_	@idp1956f-word#@idp1956f#987.19#987.525
260	поняли	понять	VERB	_	Aspect=Perf|Mood=Ind|Number=Plur|Tense=Past|VerbForm=Fin|Voice=Act	_	_	_	@idp1956f-word#@idp1956f#987.525#987.86
261	/	/	PUNCT	_	_	_	_	_	@idp1956f-word#@idp1956f#987.86#988.195
262	а	а	X	_	_	_	_	_	@idp1956f-word#@idp1956f#988.195#988.53
263	ту	тот	DET	_	Case=Acc|Gender=Fem|Number=Sing	_	_	_	@idp1956f-word#@idp1956f#988.53#988.865
264	среду	среда	NOUN	_	Animacy=Inan|Case=Acc|Gender=Fem|Number=Sing	_	_	_	@idp1956f-word#@idp1956f#988.865#989.2
265	поддержки	поддержка	NOUN	_	Animacy=Inan|Case=Gen|Gender=Fem|Number=Sing	_	_	_	@idp1956f-word#@idp1956f#989.2#989.535
266	/	/	PUNCT	_	_	_	_	_	@idp1956f-word#@idp1956f#989.535#989.87
267	а	а	X	_	_	_	_	_	@idp1956f-word#@idp1956f#989.87#990.205
268	которая	который	DET	_	Case=Nom	_	_	_	@idp1956f-word#@idp1956f#990.205#990.54
269	собтвенно	собтвенно	ADV	_	Degree=Pos	_	_	_	@idp1956f-word#@idp1956f#990.54#990.875
270	и	и	PART	_	_	_	_	_	@idp1956f-word#@idp1956f#990.875#991.21
271	привела	привести	VERB	_	Aspect=Perf|Gender=Fem|Mood=Ind|Number=Sing|Tense=Past|VerbForm=Fin|Voice=Act	_	_	_	@idp1956f-word#@idp1956f#991.21#991.545
272	к	к	ADP	_	_	_	_	_	@idp1956f-word#@idp1956f#991.545#991.88
273	демократическим	демократический	ADJ	_	Case=Dat|Degree=Pos|Number=Plur	_	_	_	@idp1956f-word#@idp1956f#991.88#992.215
274	изменениям	изменение	NOUN	_	Animacy=Inan|Case=Dat|Gender=Neut|Number=Plur	_	_	_	@idp1956f-word#@idp1956f#992.215#992.55
275	/	/	PUNCT	_	_	_	_	_	@idp1956f-word#@idp1956f#992.55#992.885
276	а	а	CCONJ	_	_	_	_	_	@idp1956f-word#@idp1956f#992.885#993.22
277	это	это	PRON	_	Animacy=Inan|Case=Nom|Gender=Neut|Number=Sing	_	_	_	@idp1956f-word#@idp1956f#993.22#993.555
278	было	быть	AUX	_	Aspect=Imp|Gender=Neut|Mood=Ind|Number=Sing|Tense=Past|VerbForm=Fin|Voice=Act	_	_	_	@idp1956f-word#@idp1956f#993.555#993.89
279	прежде	прежде	ADV	_	_	_	_	_	@idp1956f-word#@idp1956f#993.89#994.225
280	всего	весь	DET	_	Case=Gen|Gender=Masc|Number=Sing	_	_	_	@idp1956f-word#@idp1956f#994.225#994.56
281	среда	среда	NOUN	_	Animacy=Inan|Case=Gen|Gender=Fem|Number=Sing	_	_	_	@idp1956f-word#@idp1956f#994.56#994.895
282	интеллигенции	интеллигенция	NOUN	_	Animacy=Inan|Case=Gen|Gender=Fem|Number=Sing	_	_	_	@idp1956f-word#@idp1956f#994.895#995.23
283	научно-технической	научно-технический	ADJ	_	Case=Gen|Degree=Pos|Gender=Fem|Number=Sing	_	_	_	@idp1956f-word#@idp1956f#995.23#995.565
284	интеллигенции	интеллигенция	NOUN	_	Animacy=Inan|Case=Gen|Gender=Fem|Number=Sing	_	_	_	@idp1956f-word#@idp1956f#995.565#995.9
285	/	/	PUNCT	_	_	_	_	_	@idp1956f-word#@idp1956f#995.9#996.235
286	это	это	PRON	_	Animacy=Inan|Case=Nom|Gender=Neut|Number=Sing	_	_	_	@idp1956f-word#@idp1956f#996.235#996.57
287	и	и	PART	_	_	_	_	_	@idp1956f-word#@idp1956f#996.57#996.905
288	были	быть	AUX	_	Aspect=Imp|Mood=Ind|Number=Plur|Tense=Past|VerbForm=Fin|Voice=Act	_	_	_	@idp1956f-word#@idp1956f#996.905#997.24
289	люди	человек	NOUN	_	Animacy=Anim|Case=Nom|Gender=Masc|Number=Plur	_	_	_	@idp1956f-word#@idp1956f#997.24#997.575
290	сидев...	сидев..	X	_	_	_	_	_	@idp1956f-word#@idp1956f#997.575#997.91
291	сидящие	сидеть	VERB	_	Aspect=Imp|Case=Nom|Number=Plur|Tense=Pres|VerbForm=Part|Voice=Act	_	_	_	@idp1956f-word#@idp1956f#997.91#998.245
292	в	в	ADV	_	_	_	_	_	@idp1956f-word#@idp1956f#998.245#998.58
293	основном	основной	ADV	_	_	_	_	_	@idp1956f-word#@idp1956f#998.58#998.915
294	да	да	PART	_	_	_	_	_	@idp1956f-word#@idp1956f#998.915#999.25
295	вот	вот	PART	_	_	_	_	_	@idp1956f-word#@idp1956f#999.25#999.585
296	во	в	ADP	_	_	_	_	_	@idp1956f-word#@idp1956f#999.585#999.92
297	всех	весь	DET	_	Case=Loc|Number=Plur	_	_	_	@idp1956f-word#@idp1956f#999.92#1000.255
298	этих	этот	DET	_	Case=Loc|Number=Plur	_	_	_	@idp1956f-word#@idp1956f#1000.255#1000.627
299	в	в	ADP	_	_	_	_	_	@idp1956f-word#@idp1956f#1001.046#1001.418
300	НИИ	НИИ	NOUN	_	Animacy=Inan|Case=Ins|Gender=Masc	_	_	_	@idp1956f-word#@idp1956f#1001.418#1001.79
301	и	и	CCONJ	_	_	_	_	_	@idp1956f-word#@idp1956f#1001.79#1002.162
302	всё	весь	DET	_	Case=Nom|Gender=Neut|Number=Sing	_	_	_	@idp1956f-word#@idp1956f#1002.162#1002.534
303	прочее	прочий	ADJ	_	Case=Nom|Degree=Pos|Gender=Neut|Number=Sing	_	_	_	@idp1956f-word#@idp1956f#1002.534#1002.906
304	прочее	прочее	ADJ	_	Case=Nom|Degree=Pos|Gender=Neut|Number=Sing	_	_	_	@idp1956f-word#@idp1956f#1002.906#1003.278
305	/	/	PUNCT	_	_	_	_	_	@idp1956f-word#@idp1956f#1003.278#1003.65
306	они	они	PRON	_	Case=Nom|Number=Plur|Person=3	_	_	_	@idp1956f-word#@idp1956f#1003.65#1004.022
307	были	быть	AUX	_	Aspect=Imp|Mood=Ind|Number=Plur|Tense=Past|VerbForm=Fin|Voice=Act	_	_	_	@idp1956f-word#@idp1956f#1004.022#1004.394
308	тем	тот	DET	_	Case=Ins|Gender=Masc|Number=Sing	_	_	_	@idp1956f-word#@idp1956f#1004.394#1004.766
309	фундаментом	фундамент	NOUN	_	Animacy=Inan|Case=Ins|Gender=Masc|Number=Sing	_	_	_	@idp1956f-word#@idp1956f#1004.766#1005.138
310	/	/	PUNCT	_	_	_	_	_	@idp1956f-word#@idp1956f#1005.138#1005.51
311	а	а	x	_	_	_	_	_	@idp1956f-word#@idp1956f#1005.51#1005.882
312	вот	вот	PART	_	_	_	_	_	@idp1956f-word#@idp1956f#1005.882#1006.254
313	той	тот	DET	_	Case=Gen|Gender=Fem|Number=Sing	_	_	_	@idp1956f-word#@idp1956f#1006.254#1006.626
314	действительно	действительно	ADV	_	Degree=Pos	_	_	_	@idp1956f-word#@idp1956f#1006.626#1006.998
315	движущей	движущий	ADJ	_	Case=Gen|Degree=Pos|Gender=Fem|Number=Sing	_	_	_	@idp1956f-word#@idp1956f#1006.998#1007.37
316	силы	сила	NOUN	_	Animacy=Inan|Case=Gen|Gender=Fem|Number=Sing	_	_	_	@idp1956f-word#@idp1956f#1007.37#1007.742
317	этой	этот	DET	_	Case=Gen|Gender=Fem|Number=Sing	_	_	_	@idp1956f-word#@idp1956f#1007.742#1008.114
318	демократической	демократический	ADJ	_	Case=Gen|Degree=Pos|Gender=Fem|Number=Sing	_	_	_	@idp1956f-word#@idp1956f#1008.114#1008.486
319	революции	революция	NOUN	_	Animacy=Inan|Case=Gen|Gender=Fem|Number=Sing	_	_	_	@idp1956f-word#@idp1956f#1008.486#1008.858
320	/	/	PUNCT	_	_	_	_	_	@idp1956f-word#@idp1956f#1008.858#1009.23
321	и	и	CCONJ	_	_	_	_	_	@idp1956f-word#@idp1956f#1009.23#1009.602
322	то	то	PRON	_	Animacy=Inan|Case=Nom|Gender=Neut|Number=Sing	_	_	_	@idp1956f-word#@idp1956f#1009.602#1009.974
323	что	что	PRON	_	Case=Nom	_	_	_	@idp1956f-word#@idp1956f#1009.974#1010.346
324	этому	этот	DET	_	Case=Dat|Gender=Masc|Number=Sing	_	_	_	@idp1956f-word#@idp1956f#1010.346#1010.718
325	слою	слой	NOUN	_	Animacy=Inan|Case=Dat|Gender=Masc|Number=Sing	_	_	_	@idp1956f-word#@idp1956f#1010.718#1011.09
326	позволили	позволить	VERB	_	Aspect=Perf|Mood=Ind|Number=Plur|Tense=Past|VerbForm=Fin|Voice=Act	_	_	_	@idp1956f-word#@idp1956f#1011.09#1011.462
327	распылиться	распылиться	VERB	_	Aspect=Perf|VerbForm=Inf|Voice=Mid	_	_	_	@idp1956f-word#@idp1956f#1011.462#1011.834
328	/	/	PUNCT	_	_	_	_	_	@idp1956f-word#@idp1956f#1011.834#1012.206
329	исчезнуть	исчезнуть	VERB	_	Aspect=Perf|VerbForm=Inf|Voice=Act	_	_	_	@idp1956f-word#@idp1956f#1012.206#1012.578
330	/	/	PUNCT	_	_	_	_	_	@idp1956f-word#@idp1956f#1012.578#1012.95
331	как	как	SCONJ	_	_	_	_	_	@idp1956f-word#@idp1956f#1012.95#1013.322
332	социальной	социальный	ADJ	_	Case=Dat|Degree=Pos|Gender=Fem|Number=Sing	_	_	_	@idp1956f-word#@idp1956f#1013.322#1013.694
333	группе	группа	NOUN	_	Animacy=Inan|Case=Dat|Gender=Fem|Number=Sing	_	_	_	@idp1956f-word#@idp1956f#1013.694#1014.066
334	мощной	мощный	ADJ	_	Case=Gen|Degree=Pos|Gender=Fem|Number=Sing	_	_	_	@idp1956f-word#@idp1956f#1014.066#1014.438
335	/	/	PUNCT	_	_	_	_	_	@idp1956f-word#@idp1956f#1014.438#1014.81
336	это	это	PRON	_	Animacy=Inan|Case=Nom|Gender=Neut|Number=Sing	_	_	_	@idp1956f-word#@idp1956f#1014.81#1015.182
337	конечно	конечный	ADV	_	_	_	_	_	@idp1956f-word#@idp1956f#1015.182#1015.554
338	а	а	x	_	_	_	_	_	@idp1956f-word#@idp1956f#1015.554#1015.926
339	трагическая	трагический	ADJ	_	Case=Nom|Degree=Pos|Gender=Fem|Number=Sing	_	_	_	@idp1956f-word#@idp1956f#1015.926#1016.298
340	история	история	NOUN	_	Animacy=Inan|Case=Nom|Gender=Fem|Number=Sing	_	_	_	@idp1956f-word#@idp1956f#1016.298#1016.67
341	/	/	PUNCT	_	_	_	_	_	@idp1956f-word#@idp1956f#1016.67#1017.042
342	потому	потому	ADV	_	Degree=Pos	_	_	_	@idp1956f-word#@idp1956f#1017.042#1017.414
343	что	что	SCONJ	_	_	_	_	_	@idp1956f-word#@idp1956f#1017.414#1017.786
344	тогда	тогда	ADV	_	Degree=Pos	_	_	_	@idp1956f-word#@idp1956f#1017.786#1018.158
345	и	и	PART	_	_	_	_	_	@idp1956f-word#@idp1956f#1018.158#1018.53
346	получилось	получиться	VERB	_	Aspect=Perf|Gender=Neut|Mood=Ind|Number=Sing|Tense=Past|VerbForm=Fin|Voice=Mid	_	_	_	@idp1956f-word#@idp1956f#1018.53#1018.902
347	/	/	PUNCT	_	_	_	_	_	@idp1956f-word#@idp1956f#1018.902#1019.274
348	что	что	SCONJ	_	_	_	_	_	@idp1956f-word#@idp1956f#1019.274#1019.646
349	а	а	CCONJ	_	_	_	_	_	@idp1956f-word#@idp1956f#1019.646#1020.018
350	все	весь	DET	_	Case=Nom|Number=Plur	_	_	_	@idp1956f-word#@idp1956f#1020.018#1020.39
351	эти	этот	DET	_	Case=Nom|Number=Plur	_	_	_	@idp1956f-word#@idp1956f#1020.39#1020.762
352	демократические	демократический	ADJ	_	Case=Nom|Degree=Pos|Number=Plur	_	_	_	@idp1956f-word#@idp1956f#1020.762#1021.134
353	преобразования	преобразование	NOUN	_	Animacy=Inan|Case=Nom|Gender=Neut|Number=Plur	_	_	_	@idp1956f-word#@idp1956f#1021.134#1021.506
354	/	/	PUNCT	_	_	_	_	_	@idp1956f-word#@idp1956f#1021.506#1021.878
355	и	и	CCONJ	_	_	_	_	_	@idp1956f-word#@idp1956f#1021.878#1022.25
356	демократы	демократ	NOUN	_	Animacy=Anim|Case=Nom|Gender=Masc|Number=Plur	_	_	_	@idp1956f-word#@idp1956f#1022.25#1022.622
357	остались	остаться	VERB	_	Aspect=Perf|Mood=Ind|Number=Plur|Tense=Past|VerbForm=Fin|Voice=Mid	_	_	_	@idp1956f-word#@idp1956f#1022.622#1022.994
358	без	без	ADP	_	_	_	_	_	@idp1956f-word#@idp1956f#1022.994#1023.366
359	опоры	опора	NOUN	_	Animacy=Inan|Case=Gen|Gender=Fem|Number=Sing	_	_	_	@idp1956f-word#@idp1956f#1023.366#1023.738
360	в	в	ADP	_	_	_	_	_	@idp1956f-word#@idp1956f#1023.738#1024.11
361	обществе	общество	NOUN	_	Animacy=Inan|Case=Loc|Gender=Neut|Number=Sing	_	_	_	@idp1956f-word#@idp1956f#1024.11#1024.506
362	и	и	CCONJ	_	_	_	_	_	@idp1956f-word#@idp1956f#1024.962#1025.271
363	во	в	ADP	_	_	_	_	_	@idp1956f-word#@idp1956f#1025.271#1025.58
364	много	много	ADV	_	Degree=Pos	_	_	_	@idp1956f-word#@idp1956f#1025.58#1025.889
365	я	я	PRON	_	Case=Nom|Number=Sing|Person=1	_	_	_	@idp1956f-word#@idp1956f#1025.889#1026.198
366	думаю	думать	VERB	_	Aspect=Imp|Mood=Ind|Number=Sing|Person=1|Tense=Pres|VerbForm=Fin|Voice=Act	_	_	_	@idp1956f-word#@idp1956f#1026.198#1026.507
367	эта	этот	DET	_	Case=Nom|Gender=Fem|Number=Sing	_	_	_	@idp1956f-word#@idp1956f#1026.507#1026.816
368	печальная	печальный	ADJ	_	Case=Nom|Degree=Pos|Gender=Fem|Number=Sing	_	_	_	@idp1956f-word#@idp1956f#1026.816#1027.125
369	история	история	NOUN	_	Animacy=Inan|Case=Nom|Gender=Fem|Number=Sing	_	_	_	@idp1956f-word#@idp1956f#1027.125#1027.434
370	прихода	приход	NOUN	_	Animacy=Inan|Case=Gen|Gender=Masc|Number=Sing	_	_	_	@idp1956f-word#@idp1956f#1027.434#1027.743
371	силовиков	силовик	NOUN	_	Animacy=Anim|Case=Gen|Gender=Masc|Number=Plur	_	_	_	@idp1956f-word#@idp1956f#1027.743#1028.052
372	к	к	ADP	_	_	_	_	_	@idp1956f-word#@idp1956f#1028.052#1028.361
373	власти	власть	NOUN	_	Animacy=Inan|Case=Dat|Gender=Fem|Number=Sing	_	_	_	@idp1956f-word#@idp1956f#1028.361#1028.67
374	/	/	PUNCT	_	_	_	_	_	@idp1956f-word#@idp1956f#1028.67#1028.979
375	она	она	PRON	_	Case=Nom|Gender=Fem|Number=Sing|Person=3	_	_	_	@idp1956f-word#@idp1956f#1028.979#1029.288
376	и	и	PART	_	_	_	_	_	@idp1956f-word#@idp1956f#1029.288#1029.597
377	связана	связать	VERB	_	Aspect=Perf|Gender=Fem|Number=Sing|Tense=Past|Variant=Short|VerbForm=Part|Voice=Pass	_	_	_	@idp1956f-word#@idp1956f#1029.597#1029.906
378	с	с	ADP	_	_	_	_	_	@idp1956f-word#@idp1956f#1029.906#1030.215
379	тем	то	PRON	_	Animacy=Inan|Case=Ins|Gender=Neut|Number=Sing	_	_	_	@idp1956f-word#@idp1956f#1030.215#1030.524
380	/	/	PUNCT	_	_	_	_	_	@idp1956f-word#@idp1956f#1030.524#1030.833
381	что	что	SCONJ	_	_	_	_	_	@idp1956f-word#@idp1956f#1030.833#1031.142
382	эта	этот	DET	_	Case=Nom|Gender=Fem|Number=Sing	_	_	_	@idp1956f-word#@idp1956f#1031.142#1031.451
383	среда	среда	NOUN	_	Animacy=Inan|Case=Nom|Gender=Fem|Number=Sing	_	_	_	@idp1956f-word#@idp1956f#1031.451#1031.76
384	/	/	PUNCT	_	_	_	_	_	@idp1956f-word#@idp1956f#1031.76#1032.069
385	распылилась	распылиться	VERB	_	Aspect=Perf|Gender=Fem|Mood=Ind|Number=Sing|Tense=Past|VerbForm=Fin|Voice=Mid	_	_	_	@idp1956f-word#@idp1956f#1032.069#1032.378
386	/	/	PUNCT	_	_	_	_	_	@idp1956f-word#@idp1956f#1032.378#1032.687
387	кто-то	кто-то	PRON	_	Case=Nom	_	_	_	@idp1956f-word#@idp1956f#1032.687#1032.996
388	состоялся	состояться	VERB	_	Aspect=Perf|Gender=Masc|Mood=Ind|Number=Sing|Tense=Past|VerbForm=Fin|Voice=Mid	_	_	_	@idp1956f-word#@idp1956f#1032.996#1033.305
389	в	в	ADP	_	_	_	_	_	@idp1956f-word#@idp1956f#1033.305#1033.614
390	другой	другой	ADJ	_	Case=Loc|Degree=Pos|Gender=Fem|Number=Sing	_	_	_	@idp1956f-word#@idp1956f#1033.614#1033.923
391	профессии	профессия	NOUN	_	Animacy=Inan|Case=Loc|Gender=Fem|Number=Sing	_	_	_	@idp1956f-word#@idp1956f#1033.923#1034.232
392	/	/	PUNCT	_	_	_	_	_	@idp1956f-word#@idp1956f#1034.232#1034.541
393	кто-то	кто-то	PRON	_	Case=Nom	_	_	_	@idp1956f-word#@idp1956f#1034.541#1034.85
394	мужественно	мужественно	ADV	_	Degree=Pos	_	_	_	@idp1956f-word#@idp1956f#1034.85#1035.159
395	сидел	сидеть	VERB	_	Aspect=Imp|Gender=Masc|Mood=Ind|Number=Sing|Tense=Past|VerbForm=Fin|Voice=Act	_	_	_	@idp1956f-word#@idp1956f#1035.159#1035.468
396	в	в	ADP	_	_	_	_	_	@idp1956f-word#@idp1956f#1035.468#1035.777
397	этих	этот	DET	_	Case=Acc|Number=Plur	_	_	_	@idp1956f-word#@idp1956f#1035.777#1036.086
398	/	/	PUNCT	_	_	_	_	_	@idp1956f-word#@idp1956f#1036.086#1036.395
399	так	так	ADV	_	Degree=Pos	_	_	_	@idp1956f-word#@idp1956f#1036.395#1036.704
400	сказать	сказать	VERB	_	Aspect=Perf|VerbForm=Inf|Voice=Act	_	_	_	@idp1956f-word#@idp1956f#1036.704#1037.013
401	/	/	PUNCT	_	_	_	_	_	@idp1956f-word#@idp1956f#1037.013#1037.322
402	ам	а	NOUN	_	Animacy=Anim|Case=Dat|Gender=Masc|Number=Plur	_	_	_	@idp1956f-word#@idp1956f#1037.322#1037.631
403	научных	научный	ADJ	_	Case=Gen|Degree=Pos|Number=Plur	_	_	_	@idp1956f-word#@idp1956f#1037.631#1037.94
404	/	/	PUNCT	_	_	_	_	_	@idp1956f-word#@idp1956f#1037.94#1038.249
405	мм	мм	ADJ	_	Case=Gen|Degree=Pos|Gender=Fem|Number=Sing	_	_	_	@idp1956f-word#@idp1956f#1038.249#1038.558
406	#вздох#	#вздох#	X	_	_	_	_	_	@idp1956f-word#@idp1956f#1038.558#1038.867
407	институтах	институт	NOUN	_	Animacy=Inan|Case=Loc|Gender=Masc|Number=Plur	_	_	_	@idp1956f-word#@idp1956f#1038.867#1039.176
408	и	и	CCONJ	_	_	_	_	_	@idp1956f-word#@idp1956f#1039.176#1039.485
409	постепенно	постепенно	ADV	_	Degree=Pos	_	_	_	@idp1956f-word#@idp1956f#1039.485#1039.794
410	там	там	ADV	_	Degree=Pos	_	_	_	@idp1956f-word#@idp1956f#1039.794#1040.103
411	может	мочь	VERB	_	Aspect=Imp|Mood=Ind|Number=Sing|Person=3|Tense=Pres|VerbForm=Fin|Voice=Act	_	_	_	@idp1956f-word#@idp1956f#1040.103#1040.412
412	быть	быть	VERB	_	Aspect=Imp|VerbForm=Inf|Voice=Act	_	_	_	@idp1956f-word#@idp1956f#1040.412#1040.721
413	и	и	PART	_	_	_	_	_	@idp1956f-word#@idp1956f#1040.721#1041.03
414	жизнь	жизнь	NOUN	_	Animacy=Inan|Case=Nom|Gender=Fem|Number=Sing	_	_	_	@idp1956f-word#@idp1956f#1041.03#1041.339
415	налаживалась	налаживаться	VERB	_	Aspect=Imp|Gender=Fem|Mood=Ind|Number=Sing|Tense=Past|VerbForm=Fin|Voice=Mid	_	_	_	@idp1956f-word#@idp1956f#1041.339#1041.648
416	/	/	PUNCT	_	_	_	_	_	@idp1956f-word#@idp1956f#1041.648#1041.957
417	но	но	CCONJ	_	_	_	_	_	@idp1956f-word#@idp1956f#1041.957#1042.266
418	всё-таки	все-таки	PART	_	_	_	_	_	@idp1956f-word#@idp1956f#1042.266#1042.575
419	до	до	ADP	_	_	_	_	_	@idp1956f-word#@idp1956f#1042.575#1042.884
420	конца	конец	NOUN	_	Animacy=Inan|Case=Gen|Gender=Masc|Number=Sing	_	_	_	@idp1956f-word#@idp1956f#1042.884#1043.193
421	это	это	PRON	_	Animacy=Inan|Case=Nom|Gender=Neut|Number=Sing	_	_	_	@idp1956f-word#@idp1956f#1043.193#1043.502
422	не	не	PART	_	_	_	_	_	@idp1956f-word#@idp1956f#1043.502#1043.811
423	было	быть	AUX	_	Aspect=Imp|Gender=Neut|Mood=Ind|Number=Sing|Tense=Past|VerbForm=Fin|Voice=Act	_	_	_	@idp1956f-word#@idp1956f#1043.811#1044.12
424	восстановлено	восстановить	VERB	_	Aspect=Perf|Gender=Neut|Number=Sing|Tense=Past|Variant=Short|VerbForm=Part|Voice=Pass	_	_	_	@idp1956f-word#@idp1956f#1044.12#1044.468
425	#вздох#	#вздох#	X	_	_	_	_	_	@idp1956f-word#@idp1956f#1044.468#1044.833
426	видите	видеть	VERB	_	Aspect=Imp|Mood=Ind|Number=Plur|Person=2|Tense=Pres|VerbForm=Fin|Voice=Act	_	_	_	@idp1956f-word#@idp1956f#1044.833#1045.198
427	тут	тут	ADV	_	Degree=Pos	_	_	_	@idp1956f-word#@idp1956f#1045.198#1045.563
428	/	/	PUNCT	_	_	_	_	_	@idp1956f-word#@idp1956f#1045.563#1045.928
429	проблема	проблема	NOUN	_	Animacy=Inan|Case=Nom|Gender=Fem|Number=Sing	_	_	_	@idp1956f-word#@idp1956f#1045.928#1046.293
430	следующая	следующий	ADJ	_	Case=Nom|Degree=Pos|Gender=Fem|Number=Sing	_	_	_	@idp1956f-word#@idp1956f#1046.293#1046.658
431	/	/	PUNCT	_	_	_	_	_	@idp1956f-word#@idp1956f#1046.658#1047.023
432	это	это	PRON	_	Animacy=Inan|Case=Nom|Gender=Neut|Number=Sing	_	_	_	@idp1956f-word#@idp1956f#1047.023#1047.388
433	проблемы	проблема	NOUN	_	Animacy=Inan|Case=Nom|Gender=Fem|Number=Plur	_	_	_	@idp1956f-word#@idp1956f#1047.388#1047.753
434	эволюции	эволюция	NOUN	_	Animacy=Inan|Case=Gen|Gender=Fem|Number=Sing	_	_	_	@idp1956f-word#@idp1956f#1047.753#1048.118
435	-	-	PUNCT	_	_	_	_	_	@idp1956f-word#@idp1956f#1048.118#1048.483
436	революции	революция	NOUN	_	Animacy=Inan|Case=Gen|Gender=Fem|Number=Sing	_	_	_	@idp1956f-word#@idp1956f#1048.483#1048.848
437	/	/	PUNCT	_	_	_	_	_	@idp1956f-word#@idp1956f#1048.848#1049.213
438	понимаете	понимать	VERB	_	Aspect=Imp|Mood=Ind|Number=Plur|Person=2|Tense=Pres|VerbForm=Fin|Voice=Act	_	_	_	@idp1956f-word#@idp1956f#1049.213#1049.578
439	/	/	PUNCT	_	_	_	_	_	@idp1956f-word#@idp1956f#1049.578#1049.943
440	то	то	SCONJ	_	_	_	_	_	@idp1956f-word#@idp1956f#1049.943#1050.308
441	что	что	PRON	_	Case=Nom	_	_	_	@idp1956f-word#@idp1956f#1050.308#1050.673
442	/	/	PUNCT	_	_	_	_	_	@idp1956f-word#@idp1956f#1050.673#1051.038
443	э	э	INTJ	_	_	_	_	_	@idp1956f-word#@idp1956f#1051.038#1051.403
444	страна	страна	NOUN	_	Animacy=Inan|Case=Nom|Gender=Fem|Number=Sing	_	_	_	@idp1956f-word#@idp1956f#1051.403#1051.768
445	была	быть	AUX	_	Aspect=Imp|Gender=Fem|Mood=Ind|Number=Sing|Tense=Past|VerbForm=Fin|Voice=Act	_	_	_	@idp1956f-word#@idp1956f#1051.768#1052.133
446	доведена	довести	VERB	_	Aspect=Perf|Gender=Fem|Number=Sing|Tense=Past|Variant=Short|VerbForm=Part|Voice=Pass	_	_	_	@idp1956f-word#@idp1956f#1052.133#1052.498
447	до	до	ADP	_	_	_	_	_	@idp1956f-word#@idp1956f#1052.498#1052.863
448	того	то	PRON	_	Animacy=Inan|Case=Gen|Gender=Neut|Number=Sing	_	_	_	@idp1956f-word#@idp1956f#1052.863#1053.228
449	что	что	SCONJ	_	_	_	_	_	@idp1956f-word#@idp1956f#1053.228#1053.593
450	произошла	произойти	VERB	_	Aspect=Perf|Gender=Fem|Mood=Ind|Number=Sing|Tense=Past|VerbForm=Fin|Voice=Act	_	_	_	@idp1956f-word#@idp1956f#1053.593#1053.958
451	пусть	пусть	PART	_	_	_	_	_	@idp1956f-word#@idp1956f#1053.958#1054.323
452	почти	почти	ADV	_	Degree=Pos	_	_	_	@idp1956f-word#@idp1956f#1054.323#1054.688
453	бескровная	бескровный	ADJ	_	Case=Nom|Degree=Pos|Gender=Fem|Number=Sing	_	_	_	@idp1956f-word#@idp1956f#1054.688#1055.053
454	/	/	PUNCT	_	_	_	_	_	@idp1956f-word#@idp1956f#1055.053#1055.418
455	но	но	CCONJ	_	_	_	_	_	@idp1956f-word#@idp1956f#1055.418#1055.783
456	революция	революция	NOUN	_	Animacy=Inan|Case=Nom|Gender=Fem|Number=Sing	_	_	_	@idp1956f-word#@idp1956f#1055.783#1056.148
457	/	/	PUNCT	_	_	_	_	_	@idp1956f-word#@idp1956f#1056.148#1056.513
458	революция	революция	NOUN	_	Animacy=Inan|Case=Nom|Gender=Fem|Number=Sing	_	_	_	@idp1956f-word#@idp1956f#1056.513#1056.878
459	всегда	всегда	ADV	_	Degree=Pos	_	_	_	@idp1956f-word#@idp1956f#1056.878#1057.243
460	разрушительна	разрушительть	ADJ	_	Degree=Pos|Gender=Fem|Number=Sing|Variant=Short	_	_	_	@idp1956f-word#@idp1956f#1057.243#1057.608
461	/	/	PUNCT	_	_	_	_	_	@idp1956f-word#@idp1956f#1057.608#1057.973
462	конечно	конечно	ADV	_	Degree=Pos	_	_	_	@idp1956f-word#@idp1956f#1057.973#1058.338
463	весь	весь	DET	_	Case=Acc|Gender=Masc|Number=Sing	_	_	_	@idp1956f-word#@idp1956f#1058.338#1058.703
464	уклад	уклад	NOUN	_	Animacy=Inan|Case=Acc|Gender=Masc|Number=Sing	_	_	_	@idp1956f-word#@idp1956f#1058.703#1059.068
465	жизни	жизнь	NOUN	_	Animacy=Inan|Case=Gen|Gender=Fem|Number=Sing	_	_	_	@idp1956f-word#@idp1956f#1059.068#1059.433
466	/	/	PUNCT	_	_	_	_	_	@idp1956f-word#@idp1956f#1059.433#1059.798
467	вся	весь	DET	_	Case=Nom|Gender=Fem|Number=Sing	_	_	_	@idp1956f-word#@idp1956f#1059.798#1060.163
468	институциональная	институциональный	ADJ	_	Case=Nom|Degree=Pos|Gender=Fem|Number=Sing	_	_	_	@idp1956f-word#@idp1956f#1060.163#1060.528
469	система	система	NOUN	_	Animacy=Inan|Case=Nom|Gender=Fem|Number=Sing	_	_	_	@idp1956f-word#@idp1956f#1060.528#1060.893
470	начинает	начинать	VERB	_	Aspect=Imp|Mood=Ind|Number=Sing|Person=3|Tense=Pres|VerbForm=Fin|Voice=Act	_	_	_	@idp1956f-word#@idp1956f#1060.893#1061.258
471	распадаться	распадаться	VERB	_	Aspect=Imp|VerbForm=Inf|Voice=Mid	_	_	_	@idp1956f-word#@idp1956f#1061.258#1061.623
472	/	/	PUNCT	_	_	_	_	_	@idp1956f-word#@idp1956f#1061.623#1061.988
473	я	я	PRON	_	Case=Nom|Number=Sing|Person=1	_	_	_	@idp1956f-word#@idp1956f#1061.988#1062.353
474	помню	помнить	VERB	_	Aspect=Imp|Mood=Ind|Number=Sing|Person=1|Tense=Pres|VerbForm=Fin|Voice=Act	_	_	_	@idp1956f-word#@idp1956f#1062.353#1062.718
475	это	этот	DET	_	Case=Acc|Gender=Neut|Number=Sing	_	_	_	@idp1956f-word#@idp1956f#1062.718#1063.083
476	ощущение	ощущение	NOUN	_	Animacy=Inan|Case=Acc|Gender=Neut|Number=Sing	_	_	_	@idp1956f-word#@idp1956f#1063.083#1063.448
477	дев...	дев...	PROPN	_	Animacy=Anim|Case=Nom|Gender=Fem|Number=Sing	_	_	_	@idp1956f-word#@idp1956f#1063.448#1063.813
478	начала	начало	NOUN	_	Animacy=Inan|Case=Gen|Gender=Neut|Number=Sing	_	_	_	@idp1956f-word#@idp1956f#1063.813#1064.178
479	девяностых	девяностый	ADJ	_	Case=Gen|Degree=Pos|Number=Plur	_	_	_	@idp1956f-word#@idp1956f#1064.178#1064.543
480	годов	год	NOUN	_	Animacy=Inan|Case=Gen|Gender=Masc|Number=Plur	_	_	_	@idp1956f-word#@idp1956f#1064.543#1064.908
481	без	без	ADP	_	_	_	_	_	@idp1956f-word#@idp1956f#1064.908#1065.273
482	всякой	всякий	DET	_	Case=Gen|Gender=Fem|Number=Sing	_	_	_	@idp1956f-word#@idp1956f#1065.273#1065.638
483	защиты	защита	NOUN	_	Animacy=Inan|Case=Gen|Gender=Fem|Number=Sing	_	_	_	@idp1956f-word#@idp1956f#1065.638#1066.003
484	государства	государство	NOUN	_	Animacy=Inan|Case=Gen|Gender=Neut|Number=Sing	_	_	_	@idp1956f-word#@idp1956f#1066.003#1066.368
485	/	/	PUNCT	_	_	_	_	_	@idp1956f-word#@idp1956f#1066.368#1066.733
486	ты	ты	PRON	_	Case=Nom|Number=Sing|Person=2	_	_	_	@idp1956f-word#@idp1956f#1066.733#1067.098
487	остался	остаться	VERB	_	Aspect=Perf|Gender=Masc|Mood=Ind|Number=Sing|Tense=Past|VerbForm=Fin|Voice=Mid	_	_	_	@idp1956f-word#@idp1956f#1067.098#1067.463
488	один	один	NUM	_	Case=Nom|Gender=Masc	_	_	_	@idp1956f-word#@idp1956f#1067.463#1067.828
489	на	на	ADP	_	_	_	_	_	@idp1956f-word#@idp1956f#1067.828#1068.193
490	один	один	NUM	_	Animacy=Inan|Case=Acc|Gender=Masc	_	_	_	@idp1956f-word#@idp1956f#1068.193#1068.558
491	/	/	PUNCT	_	_	_	_	_	@idp1956f-word#@idp1956f#1068.558#1068.923
492	тут	тут	ADV	_	Degree=Pos	_	_	_	@idp1956f-word#@idp1956f#1068.923#1069.288
493	какие-то	какой-то	DET	_	Case=Nom|Number=Plur	_	_	_	@idp1956f-word#@idp1956f#1069.288#1069.653
494	банды	банда	NOUN	_	Animacy=Inan|Case=Nom|Gender=Masc|Number=Plur	_	_	_	@idp1956f-word#@idp1956f#1069.653#1070.018
495	бегают	бегать	VERB	_	Aspect=Imp|Mood=Ind|Number=Plur|Person=3|Tense=Pres|VerbForm=Fin|Voice=Act	_	_	_	@idp1956f-word#@idp1956f#1070.018#1070.383
496	#смех#	#смех#	X	_	_	_	_	_	@idp1956f-word#@idp1956f#1070.383#1070.748
497	там	там	ADV	_	Degree=Pos	_	_	_	@idp1956f-word#@idp1956f#1070.748#1071.113
498	ещё	еще	ADV	_	Degree=Pos	_	_	_	@idp1956f-word#@idp1956f#1071.113#1071.478
499	да	да	PART	_	_	_	_	_	@idp1956f-word#@idp1956f#1071.478#1071.843
500	вот	вот	PART	_	_	_	_	_	@idp1956f-word#@idp1956f#1071.843#1072.208
501	свобода	свобода	NOUN	_	Animacy=Inan|Case=Nom|Gender=Fem|Number=Sing	_	_	_	@idp1956f-word#@idp1956f#1072.208#1072.573
502	делай	делать	VERB	_	Aspect=Imp|Mood=Imp|Number=Sing|Person=2|VerbForm=Fin|Voice=Act	_	_	_	@idp1956f-word#@idp1956f#1072.573#1072.938
503	что	что	PRON	_	Case=Acc	_	_	_	@idp1956f-word#@idp1956f#1072.938#1073.303
504	хочешь	хотеть	VERB	_	Aspect=Imp|Mood=Ind|Number=Sing|Person=2|Tense=Pres|VerbForm=Fin|Voice=Act	_	_	_	@idp1956f-word#@idp1956f#1073.303#1073.718
505	настоящие	настоящий	ADJ	_	Case=Nom|Degree=Pos|Number=Plur	_	_	_	@idp1956f-word#@idp1956f#1074.163#1074.454
506	бандиты	бандит	NOUN	_	Animacy=Anim|Case=Nom|Gender=Masc|Number=Plur	_	_	_	@idp1956f-word#@idp1956f#1074.454#1074.745
507	бегали	бегать	VERB	_	Aspect=Imp|Mood=Ind|Number=Plur|Tense=Past|VerbForm=Fin|Voice=Act	_	_	_	@idp1956f-word#@idp1956f#1074.745#1075.036
508	по	по	ADP	_	_	_	_	_	@idp1956f-word#@idp1956f#1075.036#1075.327
509	улице	улица	NOUN	_	Animacy=Inan|Case=Dat|Gender=Fem|Number=Sing	_	_	_	@idp1956f-word#@idp1956f#1075.327#1075.618
510	/	/	PUNCT	_	_	_	_	_	@idp1956f-word#@idp1956f#1075.618#1075.909
511	да	да	CCONJ	_	_	_	_	_	@idp1956f-word#@idp1956f#1075.909#1076.2
512	/	/	PUNCT	_	_	_	_	_	@idp1956f-word#@idp1956f#1076.2#1076.491
513	там	там	ADV	_	Degree=Pos	_	_	_	@idp1956f-word#@idp1956f#1076.491#1076.782
514	стреляют	стрелять	VERB	_	Aspect=Imp|Mood=Ind|Number=Plur|Person=3|Tense=Pres|VerbForm=Fin|Voice=Act	_	_	_	@idp1956f-word#@idp1956f#1076.782#1077.073
515	друг	друг	NOUN	_	Animacy=Anim|Case=Nom|Gender=Masc|Number=Sing	_	_	_	@idp1956f-word#@idp1956f#1077.073#1077.364
516	в	в	ADP	_	_	_	_	_	@idp1956f-word#@idp1956f#1077.364#1077.655
517	друга	друг	NOUN	_	Animacy=Anim|Case=Acc|Gender=Masc|Number=Sing	_	_	_	@idp1956f-word#@idp1956f#1077.655#1077.946
518	и	и	CCONJ	_	_	_	_	_	@idp1956f-word#@idp1956f#1077.946#1078.237
519	всё	все	PRON	_	Animacy=Inan|Case=Acc|Gender=Neut|Number=Sing	_	_	_	@idp1956f-word#@idp1956f#1078.237#1078.528
520	прочее	прочий	ADJ	_	Case=Acc|Degree=Pos|Gender=Neut|Number=Sing	_	_	_	@idp1956f-word#@idp1956f#1078.528#1078.819
521	/	/	PUNCT	_	_	_	_	_	@idp1956f-word#@idp1956f#1078.819#1079.11
522	так	так	ADV	_	Degree=Pos	_	_	_	@idp1956f-word#@idp1956f#1079.11#1079.401
523	сказать	сказать	VERB	_	Aspect=Perf|VerbForm=Inf|Voice=Act	_	_	_	@idp1956f-word#@idp1956f#1079.401#1079.692
524	этот	этот	DET	_	Case=Acc|Gender=Masc|Number=Sing	_	_	_	@idp1956f-word#@idp1956f#1079.692#1079.983
525	весь	весь	DET	_	Case=Acc|Gender=Masc|Number=Sing	_	_	_	@idp1956f-word#@idp1956f#1079.983#1080.274
526	криминал	криминал	NOUN	_	Animacy=Inan|Case=Acc|Gender=Masc|Number=Sing	_	_	_	@idp1956f-word#@idp1956f#1080.274#1080.565
527	/	/	PUNCT	_	_	_	_	_	@idp1956f-word#@idp1956f#1080.565#1080.856
528	который	который	PRON	_	Case=Nom	_	_	_	@idp1956f-word#@idp1956f#1080.856#1081.147
529	постепенно	постепенно	ADV	_	Degree=Pos	_	_	_	@idp1956f-word#@idp1956f#1081.147#1081.438
530	как-то	как-то	ADV	_	Degree=Pos	_	_	_	@idp1956f-word#@idp1956f#1081.438#1081.729
531	исчез	исчезнуть	VERB	_	Aspect=Perf|Gender=Masc|Mood=Ind|Number=Sing|Tense=Past|VerbForm=Fin|Voice=Act	_	_	_	@idp1956f-word#@idp1956f#1081.729#1082.02
532	слава	слава	NOUN	_	Animacy=Inan|Case=Nom|Gender=Fem|Number=Sing	_	_	_	@idp1956f-word#@idp1956f#1082.02#1082.311
533	те	тот	DET	_	Case=Nom|Number=Plur	_	_	_	@idp1956f-word#@idp1956f#1082.311#1082.602
534	господи	господи	NOUN	_	Animacy=Inan|Case=Gen|Gender=Fem|Number=Sing	_	_	_	@idp1956f-word#@idp1956f#1082.602#1082.893
535	/	/	PUNCT	_	_	_	_	_	@idp1956f-word#@idp1956f#1082.893#1083.184
536	это	это	PRON	_	Animacy=Inan|Case=Nom|Gender=Neut|Number=Sing	_	_	_	@idp1956f-word#@idp1956f#1083.184#1083.475
537	вообще	вообще	ADV	_	Degree=Pos	_	_	_	@idp1956f-word#@idp1956f#1083.475#1083.766
538	страшное	страшный	ADJ	_	Case=Nom|Degree=Pos|Gender=Neut|Number=Sing	_	_	_	@idp1956f-word#@idp1956f#1083.766#1084.057
539	всегда	всегда	ADV	_	Degree=Pos	_	_	_	@idp1956f-word#@idp1956f#1084.057#1084.348
540	время	время	NOUN	_	Animacy=Inan|Case=Acc|Gender=Neut|Number=Sing	_	_	_	@idp1956f-word#@idp1956f#1084.348#1084.639
541	это	этот	PRON	_	Animacy=Inan|Case=Acc|Gender=Neut|Number=Sing	_	_	_	@idp1956f-word#@idp1956f#1084.639#1084.93
542	правда	правда	NOUN	_	Animacy=Inan|Case=Nom|Gender=Fem|Number=Sing	_	_	_	@idp1956f-word#@idp1956f#1084.93#1085.25
543	и	и	CCONJ	_	_	_	_	_	@idp1956f-word#@idp1956f#1085.704#1085.941
544	вопрос	вопрос	NOUN	_	Animacy=Inan|Case=Nom|Gender=Masc|Number=Sing	_	_	_	@idp1956f-word#@idp1956f#1085.941#1086.178
545	/	/	PUNCT	_	_	_	_	_	@idp1956f-word#@idp1956f#1086.178#1086.415
546	и	и	CCONJ	_	_	_	_	_	@idp1956f-word#@idp1956f#1086.415#1086.652
547	вопрос	вопрос	NOUN	_	Animacy=Inan|Case=Nom|Gender=Masc|Number=Sing	_	_	_	@idp1956f-word#@idp1956f#1086.652#1086.889
548	/	/	PUNCT	_	_	_	_	_	@idp1956f-word#@idp1956f#1086.889#1087.126
549	который	который	PRON	_	Case=Acc	_	_	_	@idp1956f-word#@idp1956f#1087.126#1087.363
550	я	я	PRON	_	Case=Nom|Number=Sing|Person=1	_	_	_	@idp1956f-word#@idp1956f#1087.363#1087.6
551	хотела	хотеть	VERB	_	Aspect=Imp|Gender=Fem|Mood=Ind|Number=Sing|Tense=Past|VerbForm=Fin|Voice=Act	_	_	_	@idp1956f-word#@idp1956f#1087.6#1087.837
552	сказать	сказать	VERB	_	Aspect=Perf|VerbForm=Inf|Voice=Act	_	_	_	@idp1956f-word#@idp1956f#1087.837#1088.074
553	/	/	PUNCT	_	_	_	_	_	@idp1956f-word#@idp1956f#1088.074#1088.311
554	это	это	PRON	_	Animacy=Inan|Case=Nom|Gender=Neut|Number=Sing	_	_	_	@idp1956f-word#@idp1956f#1088.311#1088.548
555	вопрос	вопрос	NOUN	_	Animacy=Inan|Case=Nom|Gender=Masc|Number=Sing	_	_	_	@idp1956f-word#@idp1956f#1088.548#1088.785
556	к	к	ADP	_	_	_	_	_	@idp1956f-word#@idp1956f#1088.785#1089.022
557	тому	то	PRON	_	Animacy=Inan|Case=Dat|Gender=Neut|Number=Sing	_	_	_	@idp1956f-word#@idp1956f#1089.022#1089.259
558	/	/	PUNCT	_	_	_	_	_	@idp1956f-word#@idp1956f#1089.259#1089.496
559	что	что	PRON	_	Case=Acc	_	_	_	@idp1956f-word#@idp1956f#1089.496#1089.733
560	/	/	PUNCT	_	_	_	_	_	@idp1956f-word#@idp1956f#1089.733#1089.97
561	а	а	CCONJ	_	_	_	_	_	@idp1956f-word#@idp1956f#1089.97#1090.207
562	можно	можно	PRED	_	_	_	_	_	@idp1956f-word#@idp1956f#1090.207#1090.444
563	было	быть	AUX	_	Aspect=Imp|Gender=Neut|Mood=Ind|Number=Sing|Tense=Past|VerbForm=Fin|Voice=Act	_	_	_	@idp1956f-word#@idp1956f#1090.444#1090.681
564	бы	бы	AUX	_	_	_	_	_	@idp1956f-word#@idp1956f#1090.681#1090.918
565	не	не	PART	_	_	_	_	_	@idp1956f-word#@idp1956f#1090.918#1091.155
566	довести	довести	VERB	_	Aspect=Perf|VerbForm=Inf|Voice=Act	_	_	_	@idp1956f-word#@idp1956f#1091.155#1091.392
567	до	до	ADP	_	_	_	_	_	@idp1956f-word#@idp1956f#1091.392#1091.629
568	этой	этот	DET	_	Case=Gen|Gender=Fem|Number=Sing	_	_	_	@idp1956f-word#@idp1956f#1091.629#1091.866
569	ситуации	ситуация	NOUN	_	Animacy=Inan|Case=Gen|Gender=Fem|Number=Sing	_	_	_	@idp1956f-word#@idp1956f#1091.866#1092.103
570	?	?	PUNCT	_	_	_	_	_	@idp1956f-word#@idp1956f#1092.103#1092.344
571	что	что	SCONJ	_	_	_	_	_	@idp1956f-word#@idp1956f#1092.631#1093.012
572	путём	путь	NOUN	_	Animacy=Inan|Case= |Gender=Masc|Number=Sing	_	_	_	@idp1956f-word#@idp1956f#1093.012#1093.393
573	каких-то	какой-то	DET	_	Case=Gen|Number=Plur	_	_	_	@idp1956f-word#@idp1956f#1093.393#1093.774
574	постепенных	постепенный	ADJ	_	Case=Gen|Degree=Pos|Number=Plur	_	_	_	@idp1956f-word#@idp1956f#1093.774#1094.155
575	реформ	реформа	NOUN	_	Animacy=Inan|Case=Gen|Gender=Fem|Number=Plur	_	_	_	@idp1956f-word#@idp1956f#1094.155#1094.536
576	/	/	PUNCT	_	_	_	_	_	@idp1956f-word#@idp1956f#1094.536#1094.917
577	чуть-чуть	чуть-чуть	PART	_	_	_	_	_	@idp1956f-word#@idp1956f#1094.917#1095.298
578	либерализовать	либерализовать	VERB	_	Aspect=Imp|VerbForm=Inf|Voice=Act	_	_	_	@idp1956f-word#@idp1956f#1095.298#1095.679
579	общество	общество	NOUN	_	Animacy=Inan|Case=Acc|Gender=Neut|Number=Sing	_	_	_	@idp1956f-word#@idp1956f#1095.679#1096.06
580	/	/	PUNCT	_	_	_	_	_	@idp1956f-word#@idp1956f#1096.06#1096.441
581	а	а	CCONJ	_	_	_	_	_	@idp1956f-word#@idp1956f#1096.441#1096.822
582	чтобы	чтобы	SCONJ	_	Mood=Cnd	_	_	_	@idp1956f-word#@idp1956f#1096.822#1097.203
583	не	не	PART	_	_	_	_	_	@idp1956f-word#@idp1956f#1097.203#1097.584
584	довести	довести	VERB	_	Aspect=Perf|VerbForm=Inf|Voice=Act	_	_	_	@idp1956f-word#@idp1956f#1097.584#1097.965
585	до	до	ADP	_	_	_	_	_	@idp1956f-word#@idp1956f#1097.965#1098.346
586	таких	такой	DET	_	Case=Gen|Number=Plur	_	_	_	@idp1956f-word#@idp1956f#1098.346#1098.727
587	распадов	распад	NOUN	_	Animacy=Inan|Case=Gen|Gender=Masc|Number=Plur	_	_	_	@idp1956f-word#@idp1956f#1098.727#1099.108
588	/	/	PUNCT	_	_	_	_	_	@idp1956f-word#@idp1956f#1099.108#1099.489
589	потому	потому	ADV	_	Degree=Pos	_	_	_	@idp1956f-word#@idp1956f#1099.489#1099.87
590	что	что	SCONJ	_	_	_	_	_	@idp1956f-word#@idp1956f#1099.87#1100.251
591	они	они	PRON	_	Case=Nom|Number=Plur|Person=3	_	_	_	@idp1956f-word#@idp1956f#1100.251#1100.632
592	всегда	всегда	ADV	_	Degree=Pos	_	_	_	@idp1956f-word#@idp1956f#1100.632#1101.013
593	очень	очень	ADV	_	Degree=Pos	_	_	_	@idp1956f-word#@idp1956f#1101.013#1101.394
594	болезненны	болезненный	ADJ	_	Degree=Pos|Number=Plur|Variant=Short	_	_	_	@idp1956f-word#@idp1956f#1101.394#1101.775
595	/	/	PUNCT	_	_	_	_	_	@idp1956f-word#@idp1956f#1101.775#1102.156
596	некоторые	некоторый	DET	_	Case=Nom|Number=Plur	_	_	_	@idp1956f-word#@idp1956f#1102.156#1102.537
597	вещи	вещь	NOUN	_	Animacy=Inan|Case=Nom|Gender=Fem|Number=Plur	_	_	_	@idp1956f-word#@idp1956f#1102.537#1102.918
598	никогда	никогда	ADV	_	Degree=Pos	_	_	_	@idp1956f-word#@idp1956f#1102.918#1103.299
599	уже	уже	ADV	_	Degree=Pos	_	_	_	@idp1956f-word#@idp1956f#1103.299#1103.68
600	не	не	PART	_	_	_	_	_	@idp1956f-word#@idp1956f#1103.68#1104.061
601	восполняются	восполнять	VERB	_	Aspect=Imp|Mood=Ind|Number=Plur|Person=3|Tense=Pres|VerbForm=Fin|Voice=Mid	_	_	_	@idp1956f-word#@idp1956f#1104.061#1104.442
602	/	/	PUNCT	_	_	_	_	_	@idp1956f-word#@idp1956f#1104.442#1104.823
603	а	а	CCONJ	_	_	_	_	_	@idp1956f-word#@idp1956f#1104.823#1105.204
604	это	это	PRON	_	Animacy=Inan|Case=Nom|Gender=Neut|Number=Sing	_	_	_	@idp1956f-word#@idp1956f#1105.204#1105.585
605	действительно	действительно	ADV	_	Degree=Pos	_	_	_	@idp1956f-word#@idp1956f#1105.585#1105.966
606	далось	даться	VERB	_	Aspect=Perf|Gender=Neut|Mood=Ind|Number=Sing|Tense=Past|VerbForm=Fin|Voice=Mid	_	_	_	@idp1956f-word#@idp1956f#1105.966#1106.347
607	колоссальным	колоссальный	ADJ	_	Case=Ins|Degree=Pos|Gender=Neut|Number=Sing	_	_	_	@idp1956f-word#@idp1956f#1106.347#1106.728
608	напряжением	напряжение	NOUN	_	Animacy=Inan|Case=Ins|Gender=Neut|Number=Sing	_	_	_	@idp1956f-word#@idp1956f#1106.728#1107.109
609	людей	человек	NOUN	_	Animacy=Anim|Case=Gen|Gender=Masc|Number=Plur	_	_	_	@idp1956f-word#@idp1956f#1107.109#1107.49
610	/	/	PUNCT	_	_	_	_	_	@idp1956f-word#@idp1956f#1107.49#1107.871
611	выживания	выживание	NOUN	_	Animacy=Inan|Case=Gen|Gender=Neut|Number=Sing	_	_	_	@idp1956f-word#@idp1956f#1107.871#1108.275
612	аа	ао	NOUN	_	Animacy=Inan|Case=Gen|Gender=Masc|Number=Sing	_	_	_	@idp1956f-word#@idp1956f#1109.554#1109.793
613	/	/	PUNCT	_	_	_	_	_	@idp1956f-word#@idp1956f#1109.793#1110.032
614	а	а	CCONJ	_	_	_	_	_	@idp1956f-word#@idp1956f#1110.032#1110.271
615	вы	вы	PRON	_	Case=Nom|Number=Plur|Person=2	_	_	_	@idp1956f-word#@idp1956f#1110.271#1110.51
616	знаете	знать	VERB	_	Aspect=Imp|Mood=Ind|Number=Plur|Person=2|Tense=Pres|VerbForm=Fin|Voice=Act	_	_	_	@idp1956f-word#@idp1956f#1110.51#1110.749
617	/	/	PUNCT	_	_	_	_	_	@idp1956f-word#@idp1956f#1110.749#1110.988
618	это	это	PRON	_	Animacy=Inan|Case=Nom|Gender=Neut|Number=Sing	_	_	_	@idp1956f-word#@idp1956f#1110.988#1111.227
619	как	как	SCONJ	_	_	_	_	_	@idp1956f-word#@idp1956f#1111.227#1111.466
620	раз	раз	NOUN	_	Animacy=Inan|Case=Acc|Gender=Masc|Number=Sing	_	_	_	@idp1956f-word#@idp1956f#1111.466#1111.705
621	хороший	хороший	ADJ	_	Animacy=Inan|Case=Acc|Degree=Pos|Gender=Masc|Number=Sing	_	_	_	@idp1956f-word#@idp1956f#1111.705#1111.944
622	вопрос	вопрос	NOUN	_	Animacy=Inan|Case=Acc|Gender=Masc|Number=Sing	_	_	_	@idp1956f-word#@idp1956f#1111.944#1112.183
623	/	/	PUNCT	_	_	_	_	_	@idp1956f-word#@idp1956f#1112.183#1112.422
624	потому	потому	ADV	_	Degree=Pos	_	_	_	@idp1956f-word#@idp1956f#1112.422#1112.661
625	что	что	SCONJ	_	_	_	_	_	@idp1956f-word#@idp1956f#1112.661#1112.9
626	таких	такой	DET	_	Case=Gen|Number=Plur	_	_	_	@idp1956f-word#@idp1956f#1112.9#1113.139
627	публичных	публичный	ADJ	_	Case=Gen|Degree=Pos|Number=Plur	_	_	_	@idp1956f-word#@idp1956f#1113.139#1113.378
628	обсуждений	обсуждение	NOUN	_	Animacy=Inan|Case=Gen|Gender=Neut|Number=Plur	_	_	_	@idp1956f-word#@idp1956f#1113.378#1113.617
629	очень	очень	ADV	_	Degree=Pos	_	_	_	@idp1956f-word#@idp1956f#1113.617#1113.856
630	мало	мало	ADV	_	Degree=Pos	_	_	_	@idp1956f-word#@idp1956f#1113.856#1114.095
631	сейчас	сейчас	ADV	_	Degree=Pos	_	_	_	@idp1956f-word#@idp1956f#1114.095#1114.334
632	/	/	PUNCT	_	_	_	_	_	@idp1956f-word#@idp1956f#1114.334#1114.573
633	поскольку	поскольку	SCONJ	_	_	_	_	_	@idp1956f-word#@idp1956f#1114.573#1114.812
634	у	у	ADP	_	_	_	_	_	@idp1956f-word#@idp1956f#1114.812#1115.051
635	нас	мы	PRON	_	Case=Gen|Number=Plur|Person=1	_	_	_	@idp1956f-word#@idp1956f#1115.051#1115.29
636	теперь	теперь	ADV	_	Degree=Pos	_	_	_	@idp1956f-word#@idp1956f#1115.29#1115.529
637	опять	опять	ADV	_	Degree=Pos	_	_	_	@idp1956f-word#@idp1956f#1115.529#1115.768
638	культ	культь	NOUN	_	Animacy=Inan|Case=Nom|Gender=Masc|Number=Sing	_	_	_	@idp1956f-word#@idp1956f#1115.768#1116.007
639	Cоветского	Cоветский	ADJ	_	Case=Gen|Degree=Pos|Gender=Masc|Number=Sing	_	_	_	@idp1956f-word#@idp1956f#1116.007#1116.246
640	Cоюза	Cоюз	NOUN	_	Animacy=Inan|Case=Gen|Gender=Masc|Number=Sing	_	_	_	@idp1956f-word#@idp1956f#1116.246#1116.485
641	/	/	PUNCT	_	_	_	_	_	@idp1956f-word#@idp1956f#1116.485#1116.724
642	да	да	PART	_	_	_	_	_	@idp1956f-word#@idp1956f#1116.724#1116.963
643	/	/	PUNCT	_	_	_	_	_	@idp1956f-word#@idp1956f#1116.963#1117.202
644	вот	вот	PART	_	_	_	_	_	@idp1956f-word#@idp1956f#1117.202#1117.441
645	такой	такой	DET	_	Case=Acc|Gender=Masc|Number=Sing	_	_	_	@idp1956f-word#@idp1956f#1117.441#1117.694
646	либо	либо	CCONJ	_	_	_	_	_	@idp1956f-word#@idp1956f#1118.716#1119.011
647	наоборот	наоборот	ADV	_	Degree=Pos	_	_	_	@idp1956f-word#@idp1956f#1119.011#1119.306
648	/	/	PUNCT	_	_	_	_	_	@idp1956f-word#@idp1956f#1119.306#1119.601
649	вопрос	вопрос	NOUN	_	Animacy=Inan|Case=Acc|Gender=Masc|Number=Sing	_	_	_	@idp1956f-word#@idp1956f#1119.601#1119.896
650	серьёзный	серьёзный	ADJ	_	Animacy=Inan|Case=Acc|Degree=Pos|Gender=Masc|Number=Sing	_	_	_	@idp1956f-word#@idp1956f#1119.896#1120.191
651	о	о	ADP	_	_	_	_	_	@idp1956f-word#@idp1956f#1120.191#1120.486
652	том	то	PRON	_	Animacy=Inan|Case=Loc|Gender=Neut|Number=Sing	_	_	_	@idp1956f-word#@idp1956f#1120.486#1120.781
653	/	/	PUNCT	_	_	_	_	_	@idp1956f-word#@idp1956f#1120.781#1121.076
654	что	что	PRON	_	Case=Acc	_	_	_	@idp1956f-word#@idp1956f#1121.076#1121.371
655	можно	можно	PRED	_	_	_	_	_	@idp1956f-word#@idp1956f#1121.371#1121.666
656	было	быть	AUX	_	Aspect=Imp|Gender=Neut|Mood=Ind|Number=Sing|Tense=Past|VerbForm=Fin|Voice=Act	_	_	_	@idp1956f-word#@idp1956f#1121.666#1121.961
657	бы	бы	AUX	_	_	_	_	_	@idp1956f-word#@idp1956f#1121.961#1122.256
658	делать	делать	VERB	_	Aspect=Imp|VerbForm=Inf|Voice=Act	_	_	_	@idp1956f-word#@idp1956f#1122.256#1122.551
659	/	/	PUNCT	_	_	_	_	_	@idp1956f-word#@idp1956f#1122.551#1122.846
660	в	в	ADP	_	_	_	_	_	@idp1956f-word#@idp1956f#1122.846#1123.141
661	постсталинскую	постсталинский	ADJ	_	Case=Acc|Degree=Pos|Gender=Fem|Number=Sing	_	_	_	@idp1956f-word#@idp1956f#1123.141#1123.436
662	эпоху	эпоха	NOUN	_	Animacy=Inan|Case=Acc|Gender=Fem|Number=Sing	_	_	_	@idp1956f-word#@idp1956f#1123.436#1123.731
663	/	/	PUNCT	_	_	_	_	_	@idp1956f-word#@idp1956f#1123.731#1124.026
664	могла	мочь	VERB	_	Aspect=Imp|Gender=Fem|Mood=Ind|Number=Sing|Tense=Past|VerbForm=Fin|Voice=Act	_	_	_	@idp1956f-word#@idp1956f#1124.026#1124.321
665	ли	ли	PART	_	_	_	_	_	@idp1956f-word#@idp1956f#1124.321#1124.616
666	эта	этот	DET	_	Case=Nom|Gender=Fem|Number=Sing	_	_	_	@idp1956f-word#@idp1956f#1124.616#1124.911
667	система	система	NOUN	_	Animacy=Inan|Case=Nom|Gender=Fem|Number=Sing	_	_	_	@idp1956f-word#@idp1956f#1124.911#1125.206
668	как-то	как-то	ADV	_	Degree=Pos	_	_	_	@idp1956f-word#@idp1956f#1125.206#1125.501
669	эволюционировать	эволюционировать	VERB	_	Aspect=Imp|VerbForm=Inf|Voice=Act	_	_	_	@idp1956f-word#@idp1956f#1125.501#1125.796
670	/	/	PUNCT	_	_	_	_	_	@idp1956f-word#@idp1956f#1125.796#1126.091
671	нет	нет	VERB	_	Aspect=Imp|Mood=Ind|Number=Sing|Person=3|Tense=Pres|VerbForm=Fin|Voice=Act	_	_	_	@idp1956f-word#@idp1956f#1126.091#1126.386
672	это	это	PRON	_	Animacy=Inan|Case=Nom|Gender=Neut|Number=Sing	_	_	_	@idp1956f-word#@idp1956f#1126.386#1126.681
673	серьёзный	серьёзный	ADJ	_	Case=Nom|Degree=Pos|Gender=Masc|Number=Sing	_	_	_	@idp1956f-word#@idp1956f#1126.681#1126.976
674	вопрос	вопрос	NOUN	_	Animacy=Inan|Case=Nom|Gender=Masc|Number=Sing	_	_	_	@idp1956f-word#@idp1956f#1126.976#1127.271
675	/	/	PUNCT	_	_	_	_	_	@idp1956f-word#@idp1956f#1127.271#1127.566
676	э	э	INTJ	_	_	_	_	_	@idp1956f-word#@idp1956f#1127.566#1127.861
677	к	к	ADP	_	_	_	_	_	@idp1956f-word#@idp1956f#1127.861#1128.156
678	сожалению	сожаление	NOUN	_	Animacy=Inan|Case=Dat|Gender=Neut|Number=Sing	_	_	_	@idp1956f-word#@idp1956f#1128.156#1128.451
679	наш	наш	DET	_	Case=Nom|Gender=Masc|Number=Sing	_	_	_	@idp1956f-word#@idp1956f#1128.451#1128.746
680	опыт	опыт	NOUN	_	Animacy=Inan|Case=Nom|Gender=Masc|Number=Sing	_	_	_	@idp1956f-word#@idp1956f#1128.746#1129.041
681	исторический	исторический	ADJ	_	Case=Nom|Degree=Pos|Gender=Masc|Number=Sing	_	_	_	@idp1956f-word#@idp1956f#1129.041#1129.336
682	показывает	показывать	VERB	_	Aspect=Imp|Mood=Ind|Number=Sing|Person=3|Tense=Pres|VerbForm=Fin|Voice=Act	_	_	_	@idp1956f-word#@idp1956f#1129.336#1129.631
683	/	/	PUNCT	_	_	_	_	_	@idp1956f-word#@idp1956f#1129.631#1129.926
684	что	что	SCONJ	_	_	_	_	_	@idp1956f-word#@idp1956f#1129.926#1130.221
685	она	она	PRON	_	Case=Nom|Gender=Fem|Number=Sing|Person=3	_	_	_	@idp1956f-word#@idp1956f#1130.221#1130.516
686	не	не	PART	_	_	_	_	_	@idp1956f-word#@idp1956f#1130.516#1130.811
687	хотела	хотеть	VERB	_	Aspect=Imp|Gender=Fem|Mood=Ind|Number=Sing|Tense=Past|VerbForm=Fin|Voice=Act	_	_	_	@idp1956f-word#@idp1956f#1130.811#1131.106
688	эволюционировать	эволюционировать	VERB	_	Aspect=Imp|VerbForm=Inf|Voice=Act	_	_	_	@idp1956f-word#@idp1956f#1131.106#1131.401
689	/	/	PUNCT	_	_	_	_	_	@idp1956f-word#@idp1956f#1131.401#1131.696
690	или	или	CCONJ	_	_	_	_	_	@idp1956f-word#@idp1956f#1131.696#1131.991
691	может	мочь	VERB	_	Aspect=Imp|Mood=Ind|Number=Sing|Person=3|Tense=Pres|VerbForm=Fin|Voice=Act	_	_	_	@idp1956f-word#@idp1956f#1131.991#1132.286
692	быть	быть	AUX	_	Aspect=Imp|VerbForm=Inf|Voice=Act	_	_	_	@idp1956f-word#@idp1956f#1132.286#1132.581
693	просто	просто	PART	_	_	_	_	_	@idp1956f-word#@idp1956f#1132.581#1132.876
694	не	не	PART	_	_	_	_	_	@idp1956f-word#@idp1956f#1132.876#1133.171
695	могла	мочь	VERB	_	Aspect=Imp|Gender=Fem|Mood=Ind|Number=Sing|Tense=Past|VerbForm=Fin|Voice=Act	_	_	_	@idp1956f-word#@idp1956f#1133.171#1133.466
696	/	/	PUNCT	_	_	_	_	_	@idp1956f-word#@idp1956f#1133.466#1133.761
697	и	и	CCONJ	_	_	_	_	_	@idp1956f-word#@idp1956f#1133.761#1134.056
698	я	я	PRON	_	Case=Nom|Number=Sing|Person=1	_	_	_	@idp1956f-word#@idp1956f#1134.056#1134.351
699	боюсь	бояться	VERB	_	Aspect=Imp|Mood=Ind|Number=Sing|Person=1|Tense=Pres|VerbForm=Fin|Voice=Mid	_	_	_	@idp1956f-word#@idp1956f#1134.351#1134.646
700	что	что	SCONJ	_	_	_	_	_	@idp1956f-word#@idp1956f#1134.646#1134.941
701	трагедия	трагедия	NOUN	_	Animacy=Inan|Case=Nom|Gender=Fem|Number=Sing	_	_	_	@idp1956f-word#@idp1956f#1134.941#1135.236
702	Горбачёва	Горбачев	PROPN	_	Animacy=Anim|Case=Gen|Gender=Masc|Number=Sing	_	_	_	@idp1956f-word#@idp1956f#1135.236#1135.531
703	в	в	ADP	_	_	_	_	_	@idp1956f-word#@idp1956f#1135.531#1135.826
704	том	то	PRON	_	Animacy=Inan|Case=Loc|Gender=Neut|Number=Sing	_	_	_	@idp1956f-word#@idp1956f#1135.826#1136.121
705	что	что	SCONJ	_	_	_	_	_	@idp1956f-word#@idp1956f#1136.121#1136.416
706	он	он	PRON	_	Case=Nom|Gender=Masc|Number=Sing|Person=3	_	_	_	@idp1956f-word#@idp1956f#1136.416#1136.711
707	пришёл	прийти	VERB	_	Aspect=Perf|Gender=Masc|Mood=Ind|Number=Sing|Tense=Past|VerbForm=Fin|Voice=Act	_	_	_	@idp1956f-word#@idp1956f#1136.711#1137.006
708	слишком	слишком	ADV	_	Degree=Pos	_	_	_	@idp1956f-word#@idp1956f#1137.006#1137.301
709	поздно	поздно	ADV	_	Degree=Pos	_	_	_	@idp1956f-word#@idp1956f#1137.301#1137.633
710	вот	вот	PART	_	_	_	_	_	@idp1956f-word#@idp1956f#1138.014#1138.321
711	он	он	PRON	_	Case=Nom|Gender=Masc|Number=Sing|Person=3	_	_	_	@idp1956f-word#@idp1956f#1138.321#1138.628
712	попытался	пытаться	VERB	_	Aspect=Perf|Gender=Masc|Mood=Ind|Number=Sing|Tense=Past|VerbForm=Fin|Voice=Mid	_	_	_	@idp1956f-word#@idp1956f#1138.628#1138.935
713	что-то	что-то	PRON	_	Case=Acc	_	_	_	@idp1956f-word#@idp1956f#1138.935#1139.242
714	такое	такой	DET	_	Case=Acc|Gender=Neut|Number=Sing	_	_	_	@idp1956f-word#@idp1956f#1139.242#1139.549
715	немножко	немножко	ADV	_	Degree=Pos	_	_	_	@idp1956f-word#@idp1956f#1139.549#1139.856
716	сделать	делать	VERB	_	Aspect=Perf|VerbForm=Inf|Voice=Act	_	_	_	@idp1956f-word#@idp1956f#1139.856#1140.163
717	/	/	PUNCT	_	_	_	_	_	@idp1956f-word#@idp1956f#1140.163#1140.47
718	социализм	социализм	NOUN	_	Animacy=Inan|Case=Nom|Gender=Masc|Number=Sing	_	_	_	@idp1956f-word#@idp1956f#1140.47#1140.777
719	с	с	ADP	_	_	_	_	_	@idp1956f-word#@idp1956f#1140.777#1141.084
720	человеческим	человеческий	ADJ	_	Case=Ins|Degree=Pos|Gender=Neut|Number=Sing	_	_	_	@idp1956f-word#@idp1956f#1141.084#1141.391
721	лицом	лицо	NOUN	_	Animacy=Inan|Case=Ins|Gender=Neut|Number=Sing	_	_	_	@idp1956f-word#@idp1956f#1141.391#1141.698
722	/	/	PUNCT	_	_	_	_	_	@idp1956f-word#@idp1956f#1141.698#1142.005
723	всё	весь	DET	_	Case=Nom|Gender=Neut|Number=Sing	_	_	_	@idp1956f-word#@idp1956f#1142.005#1142.312
724	это	это	PRON	_	Animacy=Inan|Case=Nom|Gender=Neut|Number=Sing	_	_	_	@idp1956f-word#@idp1956f#1142.312#1142.619
725	закончилось	закончиться	VERB	_	Aspect=Perf|Gender=Neut|Mood=Ind|Number=Sing|Tense=Past|VerbForm=Fin|Voice=Mid	_	_	_	@idp1956f-word#@idp1956f#1142.619#1142.926
726	полным	полный	ADJ	_	Case=Ins|Degree=Pos|Gender=Masc|Number=Sing	_	_	_	@idp1956f-word#@idp1956f#1142.926#1143.233
727	распадом	распад	NOUN	_	Animacy=Inan|Case=Ins|Gender=Masc|Number=Sing	_	_	_	@idp1956f-word#@idp1956f#1143.233#1143.549
728	да	да	CCONJ	_	_	_	_	_	@idp1956f-word#@idp1956f#1144.309#1144.639
729	/	/	PUNCT	_	_	_	_	_	@idp1956f-word#@idp1956f#1144.639#1144.969
730	то	то	PRON	_	Animacy=Inan|Case=Nom|Gender=Neut|Number=Sing	_	_	_	@idp1956f-word#@idp1956f#1144.969#1145.299
731	есть	быть	VERB	_	Aspect=Imp|Mood=Ind|Number=Sing|Person=3|Tense=Pres|VerbForm=Fin|Voice=Act	_	_	_	@idp1956f-word#@idp1956f#1145.299#1145.629
732	/	/	PUNCT	_	_	_	_	_	@idp1956f-word#@idp1956f#1145.629#1145.959
733	всё	все	PRON	_	Animacy=Inan|Case=Acc|Gender=Neut|Number=Sing	_	_	_	@idp1956f-word#@idp1956f#1145.959#1146.289
734	сгнили	гнить	VERB	_	Aspect=Perf|Mood=Ind|Number=Plur|Tense=Past|VerbForm=Fin|Voice=Act	_	_	_	@idp1956f-word#@idp1956f#1146.289#1146.619
735	все	весь	DET	_	Case=Acc|Number=Plur	_	_	_	@idp1956f-word#@idp1956f#1146.619#1146.949
736	эти	этот	DET	_	Case=Acc|Number=Plur	_	_	_	@idp1956f-word#@idp1956f#1146.949#1147.279
737	сваи	свая	NOUN	_	Animacy=Inan|Case=Acc|Gender=Masc|Number=Plur	_	_	_	@idp1956f-word#@idp1956f#1147.279#1147.609
738	/	/	PUNCT	_	_	_	_	_	@idp1956f-word#@idp1956f#1147.609#1147.939
739	он	он	PRON	_	Case=Nom|Gender=Masc|Number=Sing|Person=3	_	_	_	@idp1956f-word#@idp1956f#1147.939#1148.269
740	чуть-чуть	чуть-чуть	PART	_	_	_	_	_	@idp1956f-word#@idp1956f#1148.269#1148.599
741	открутил	открутить	VERB	_	Aspect=Perf|Gender=Masc|Mood=Ind|Number=Sing|Tense=Past|VerbForm=Fin|Voice=Act	_	_	_	@idp1956f-word#@idp1956f#1148.599#1148.929
742	там	там	ADV	_	Degree=Pos	_	_	_	@idp1956f-word#@idp1956f#1148.929#1149.259
743	одну-две	одну-два	NUM	_	Animacy=Inan|Case=Acc|Gender=Fem	_	_	_	@idp1956f-word#@idp1956f#1149.259#1149.589
744	гаечки	гаечка	NOUN	_	Animacy=Inan|Case=Gen|Gender=Fem|Number=Sing	_	_	_	@idp1956f-word#@idp1956f#1149.589#1149.919
745	и	и	CCONJ	_	_	_	_	_	@idp1956f-word#@idp1956f#1149.919#1150.249
746	всё-ё	всё-е	PRON	_	Animacy=Inan|Case=Nom|Gender=Neut|Number=Sing	_	_	_	@idp1956f-word#@idp1956f#1150.249#1150.579
747	обрушилось	обрушиться	VERB	_	Aspect=Perf|Gender=Neut|Mood=Ind|Number=Sing|Tense=Past|VerbForm=Fin|Voice=Mid	_	_	_	@idp1956f-word#@idp1956f#1150.579#1150.915
748	ой	а	NOUN	_	Animacy=Inan|Case=Ins|Gender=Fem|Number=Sing	_	_	_	@idp1956f-word#@idp1956f#1153.521#1153.822
749	вы	вы	PRON	_	Case=Nom|Number=Plur|Person=2	_	_	_	@idp1956f-word#@idp1956f#1153.822#1154.123
750	знаете	знать	VERB	_	Aspect=Imp|Mood=Ind|Number=Plur|Person=2|Tense=Pres|VerbForm=Fin|Voice=Act	_	_	_	@idp1956f-word#@idp1956f#1154.123#1154.424
751	/	/	PUNCT	_	_	_	_	_	@idp1956f-word#@idp1956f#1154.424#1154.725
752	ну	ну	PART	_	_	_	_	_	@idp1956f-word#@idp1956f#1154.725#1155.026
753	/	/	PUNCT	_	_	_	_	_	@idp1956f-word#@idp1956f#1155.026#1155.327
754	в	в	ADP	_	_	_	_	_	@idp1956f-word#@idp1956f#1155.327#1155.628
755	начале	начало	NOUN	_	Animacy=Inan|Case=Loc|Gender=Neut|Number=Sing	_	_	_	@idp1956f-word#@idp1956f#1155.628#1155.929
756	девяностых	девяностый	ADJ	_	Case=Gen|Degree=Pos|Number=Plur	_	_	_	@idp1956f-word#@idp1956f#1155.929#1156.23
757	я	я	PRON	_	Case=Nom|Number=Sing|Person=1	_	_	_	@idp1956f-word#@idp1956f#1156.23#1156.531
758	была	быть	AUX	_	Aspect=Imp|Gender=Fem|Mood=Ind|Number=Sing|Tense=Past|VerbForm=Fin|Voice=Act	_	_	_	@idp1956f-word#@idp1956f#1156.531#1156.832
759	явно	явно	ADV	_	Degree=Pos	_	_	_	@idp1956f-word#@idp1956f#1156.832#1157.133
760	на	на	ADP	_	_	_	_	_	@idp1956f-word#@idp1956f#1157.133#1157.434
761	стороне	сторона	NOUN	_	Animacy=Inan|Case=Loc|Gender=Fem|Number=Sing	_	_	_	@idp1956f-word#@idp1956f#1157.434#1157.735
762	Ельцина	Ельцин	PROPN	_	Animacy=Anim|Case=Gen|Gender=Masc|Number=Sing	_	_	_	@idp1956f-word#@idp1956f#1157.735#1158.036
763	/	/	PUNCT	_	_	_	_	_	@idp1956f-word#@idp1956f#1158.036#1158.337
764	это	это	PRON	_	Animacy=Inan|Case=Nom|Gender=Neut|Number=Sing	_	_	_	@idp1956f-word#@idp1956f#1158.337#1158.638
765	был	быть	AUX	_	Aspect=Imp|Gender=Masc|Mood=Ind|Number=Sing|Tense=Past|VerbForm=Fin|Voice=Act	_	_	_	@idp1956f-word#@idp1956f#1158.638#1158.939
766	такой	такой	DET	_	Case=Nom|Gender=Masc|Number=Sing	_	_	_	@idp1956f-word#@idp1956f#1158.939#1159.24
767	да	да	CCONJ	_	_	_	_	_	@idp1956f-word#@idp1956f#1159.24#1159.541
768	/	/	PUNCT	_	_	_	_	_	@idp1956f-word#@idp1956f#1159.541#1159.842
769	порыв	порыв	VERB	_	Aspect=Perf|Tense=Past|VerbForm=Conv|Voice=Act	_	_	_	@idp1956f-word#@idp1956f#1159.842#1160.143
770	революционный	революционный	ADJ	_	Animacy=Inan|Case=Acc|Degree=Pos|Gender=Masc|Number=Sing	_	_	_	@idp1956f-word#@idp1956f#1160.143#1160.444
771	/	/	PUNCT	_	_	_	_	_	@idp1956f-word#@idp1956f#1160.444#1160.745
772	я	я	PRON	_	Case=Nom|Number=Sing|Person=1	_	_	_	@idp1956f-word#@idp1956f#1160.745#1161.046
773	была	быть	AUX	_	Aspect=Imp|Gender=Fem|Mood=Ind|Number=Sing|Tense=Past|VerbForm=Fin|Voice=Act	_	_	_	@idp1956f-word#@idp1956f#1161.046#1161.347
774	на	на	ADP	_	_	_	_	_	@idp1956f-word#@idp1956f#1161.347#1161.648
775	этих	этот	DET	_	Case=Loc|Number=Plur	_	_	_	@idp1956f-word#@idp1956f#1161.648#1161.949
776	баррикадах	баррикада	NOUN	_	Animacy=Inan|Case=Loc|Gender=Masc|Number=Plur	_	_	_	@idp1956f-word#@idp1956f#1161.949#1162.25
777	/	/	PUNCT	_	_	_	_	_	@idp1956f-word#@idp1956f#1162.25#1162.551
778	это	это	PRON	_	Animacy=Inan|Case=Nom|Gender=Neut|Number=Sing	_	_	_	@idp1956f-word#@idp1956f#1162.551#1162.852
779	момент	момент	NOUN	_	Animacy=Inan|Case=Nom|Gender=Masc|Number=Sing	_	_	_	@idp1956f-word#@idp1956f#1162.852#1163.153
780	был	быть	AUX	_	Aspect=Imp|Gender=Masc|Mood=Ind|Number=Sing|Tense=Past|VerbForm=Fin|Voice=Act	_	_	_	@idp1956f-word#@idp1956f#1163.153#1163.454
781	какого-то	какой-то	DET	_	Case=Gen|Gender=Masc|Number=Sing	_	_	_	@idp1956f-word#@idp1956f#1163.454#1163.755
782	всё-таки	всё-таки	PART	_	_	_	_	_	@idp1956f-word#@idp1956f#1163.755#1164.056
783	чувства	чувство	NOUN	_	Animacy=Inan|Case=Acc|Gender=Neut|Number=Plur	_	_	_	@idp1956f-word#@idp1956f#1164.056#1164.357
784	освобождения	освобождение	NOUN	_	Animacy=Inan|Case=Gen|Gender=Neut|Number=Sing	_	_	_	@idp1956f-word#@idp1956f#1164.357#1164.658
785	да	да	CCONJ	_	_	_	_	_	@idp1956f-word#@idp1956f#1164.658#1164.959
786	/	/	PUNCT	_	_	_	_	_	@idp1956f-word#@idp1956f#1164.959#1165.26
787	что	что	PRON	_	Case=Nom	_	_	_	@idp1956f-word#@idp1956f#1165.26#1165.561
788	всё	все	DET	_	Case=Nom|Gender=Neut|Number=Sing	_	_	_	@idp1956f-word#@idp1956f#1165.561#1165.862
789	/	/	PUNCT	_	_	_	_	_	@idp1956f-word#@idp1956f#1165.862#1166.163
790	все	все	PART	_	_	_	_	_	@idp1956f-word#@idp1956f#1166.163#1166.464
791	вот	вот	PART	_	_	_	_	_	@idp1956f-word#@idp1956f#1166.464#1166.765
792	эти	этот	DET	_	Case=Acc|Number=Plur	_	_	_	@idp1956f-word#@idp1956f#1166.765#1167.066
793	инстанции	инстанция	NOUN	_	Animacy=Inan|Case=Acc|Gender=Fem|Number=Plur	_	_	_	@idp1956f-word#@idp1956f#1167.066#1167.367
794	партийные	партийный	ADJ	_	Case=Nom|Degree=Pos|Number=Plur	_	_	_	@idp1956f-word#@idp1956f#1167.367#1167.668
795	/	/	PUNCT	_	_	_	_	_	@idp1956f-word#@idp1956f#1167.668#1167.969
796	комсомольские	комсомольский	ADJ	_	Case=Nom|Degree=Pos|Number=Plur	_	_	_	@idp1956f-word#@idp1956f#1167.969#1168.27
797	/	/	PUNCT	_	_	_	_	_	@idp1956f-word#@idp1956f#1168.27#1168.571
798	вся	весь	DET	_	Case=Nom|Gender=Fem|Number=Sing	_	_	_	@idp1956f-word#@idp1956f#1168.571#1168.872
799	эта	этот	DET	_	Case=Nom|Gender=Fem|Number=Sing	_	_	_	@idp1956f-word#@idp1956f#1168.872#1169.173
800	жуткая	жуткий	ADJ	_	Case=Nom|Degree=Pos|Gender=Fem|Number=Sing	_	_	_	@idp1956f-word#@idp1956f#1169.173#1169.474
801	пирамида	пирамида	NOUN	_	Animacy=Inan|Case=Nom|Gender=Fem|Number=Sing	_	_	_	@idp1956f-word#@idp1956f#1169.474#1169.775
802	/	/	PUNCT	_	_	_	_	_	@idp1956f-word#@idp1956f#1169.775#1170.076
803	которая	который	PRON	_	Case=Nom	_	_	_	@idp1956f-word#@idp1956f#1170.076#1170.377
804	[нрзб]	[нрзб]	X	_	_	_	_	_	@idp1956f-word#@idp1956f#1170.377#1170.678
805	/	/	PUNCT	_	_	_	_	_	@idp1956f-word#@idp1956f#1170.678#1170.979
806	и	и	CCONJ	_	_	_	_	_	@idp1956f-word#@idp1956f#1170.979#1171.28
807	она	она	PRON	_	Case=Nom|Gender=Fem|Number=Sing|Person=3	_	_	_	@idp1956f-word#@idp1956f#1171.28#1171.581
808	вдруг	вдруг	ADV	_	Degree=Pos	_	_	_	@idp1956f-word#@idp1956f#1171.581#1171.882
809	вся	весь	DET	_	Case=Nom|Gender=Fem|Number=Sing	_	_	_	@idp1956f-word#@idp1956f#1171.882#1172.183
810	исчезла	исчезнуть	VERB	_	Aspect=Perf|Gender=Fem|Mood=Ind|Number=Sing|Tense=Past|VerbForm=Fin|Voice=Act	_	_	_	@idp1956f-word#@idp1956f#1172.183#1172.545
811	аа	ао	NOUN	_	Animacy=Inan|Case=Nom|Gender=Fem|Number=Sing	_	_	_	@idp1956f-word#@idp1956f#1172.954#1173.288
812	был	быть	AUX	_	Aspect=Imp|Gender=Masc|Mood=Ind|Number=Sing|Tense=Past|VerbForm=Fin|Voice=Act	_	_	_	@idp1956f-word#@idp1956f#1173.288#1173.622
813	какой-то	какой-то	DET	_	Case=Nom|Gender=Masc|Number=Sing	_	_	_	@idp1956f-word#@idp1956f#1173.622#1173.956
814	момент	момент	NOUN	_	Animacy=Inan|Case=Nom|Gender=Masc|Number=Sing	_	_	_	@idp1956f-word#@idp1956f#1173.956#1174.29
815	освобождения	освобождение	NOUN	_	Animacy=Inan|Case=Gen|Gender=Neut|Number=Sing	_	_	_	@idp1956f-word#@idp1956f#1174.29#1174.625
816	сейчас	сейчас	ADV	_	Degree=Pos	_	_	_	@idp1956f-word#@idp1956f#1174.943#1175.235
817	/	/	PUNCT	_	_	_	_	_	@idp1956f-word#@idp1956f#1175.235#1175.527
818	честно	честно	ADV	_	Degree=Pos	_	_	_	@idp1956f-word#@idp1956f#1175.527#1175.819
819	говоря	говорить	VERB	_	Aspect=Imp|Tense=Pres|VerbForm=Conv|Voice=Act	_	_	_	@idp1956f-word#@idp1956f#1175.819#1176.111
820	/	/	PUNCT	_	_	_	_	_	@idp1956f-word#@idp1956f#1176.111#1176.403
821	я	я	PRON	_	Case=Nom|Number=Sing|Person=1	_	_	_	@idp1956f-word#@idp1956f#1176.403#1176.695
822	вот	вот	PART	_	_	_	_	_	@idp1956f-word#@idp1956f#1176.695#1176.987
823	/	/	PUNCT	_	_	_	_	_	@idp1956f-word#@idp1956f#1176.987#1177.279
824	да	да	PART	_	_	_	_	_	@idp1956f-word#@idp1956f#1177.279#1177.571
825	/	/	PUNCT	_	_	_	_	_	@idp1956f-word#@idp1956f#1177.571#1177.863
826	пусть	пусть	PART	_	_	_	_	_	@idp1956f-word#@idp1956f#1177.863#1178.155
827	меня	я	PRON	_	Case=Acc|Number=Sing|Person=1	_	_	_	@idp1956f-word#@idp1956f#1178.155#1178.447
828	ругают	ругать	VERB	_	Aspect=Imp|Mood=Ind|Number=Plur|Person=3|Tense=Pres|VerbForm=Fin|Voice=Act	_	_	_	@idp1956f-word#@idp1956f#1178.447#1178.739
829	потом	потом	ADV	_	Degree=Pos	_	_	_	@idp1956f-word#@idp1956f#1178.739#1179.031
830	ужасно	ужасно	ADV	_	Degree=Pos	_	_	_	@idp1956f-word#@idp1956f#1179.031#1179.323
831	/	/	PUNCT	_	_	_	_	_	@idp1956f-word#@idp1956f#1179.323#1179.615
832	я	я	PRON	_	Case=Nom|Number=Sing|Person=1	_	_	_	@idp1956f-word#@idp1956f#1179.615#1179.907
833	отношусь	относиться	VERB	_	Aspect=Imp|Mood=Ind|Number=Sing|Person=1|Tense=Pres|VerbForm=Fin|Voice=Mid	_	_	_	@idp1956f-word#@idp1956f#1179.907#1180.199
834	и	и	PART	_	_	_	_	_	@idp1956f-word#@idp1956f#1180.199#1180.491
835	к	к	ADP	_	_	_	_	_	@idp1956f-word#@idp1956f#1180.491#1180.783
836	тому	то	DET	_	Case=Dat|Gender=Masc|Number=Sing	_	_	_	@idp1956f-word#@idp1956f#1180.783#1181.075
837	и	и	CCONJ	_	_	_	_	_	@idp1956f-word#@idp1956f#1181.075#1181.367
838	другому	другой	ADJ	_	Case=Dat|Degree=Pos|Gender=Masc|Number=Sing	_	_	_	@idp1956f-word#@idp1956f#1181.367#1181.659
839	/	/	PUNCT	_	_	_	_	_	@idp1956f-word#@idp1956f#1181.659#1181.951
840	с	с	ADP	_	_	_	_	_	@idp1956f-word#@idp1956f#1181.951#1182.243
841	большой	большой	ADJ	_	Case=Ins|Degree=Pos|Gender=Fem|Number=Sing	_	_	_	@idp1956f-word#@idp1956f#1182.243#1182.535
842	симпатией	симпатия	NOUN	_	Animacy=Inan|Case=Ins|Gender=Fem|Number=Sing	_	_	_	@idp1956f-word#@idp1956f#1182.535#1182.827
843	и	и	CCONJ	_	_	_	_	_	@idp1956f-word#@idp1956f#1182.827#1183.119
844	сочувствием	сочувствие	NOUN	_	Animacy=Inan|Case=Ins|Gender=Neut|Number=Sing	_	_	_	@idp1956f-word#@idp1956f#1183.119#1183.411
845	/	/	PUNCT	_	_	_	_	_	@idp1956f-word#@idp1956f#1183.411#1183.703
846	в	в	ADP	_	_	_	_	_	@idp1956f-word#@idp1956f#1183.703#1183.995
847	общем	общий	ADJ	_	Case=Loc|Degree=Pos|Gender=Neut|Number=Sing	_	_	_	@idp1956f-word#@idp1956f#1183.995#1184.287
848	это	это	PRON	_	Animacy=Inan|Case=Nom|Gender=Neut|Number=Sing	_	_	_	@idp1956f-word#@idp1956f#1184.287#1184.579
849	два	два	NUM	_	Case=Nom|Gender=Masc	_	_	_	@idp1956f-word#@idp1956f#1184.579#1184.871
850	ээ	ээ	NOUN	_	Animacy=Inan|Case=Gen|Gender=Fem|Number=Sing	_	_	_	@idp1956f-word#@idp1956f#1184.871#1185.163
851	/	/	PUNCT	_	_	_	_	_	@idp1956f-word#@idp1956f#1185.163#1185.455
852	я	я	PRON	_	Case=Nom|Number=Sing|Person=1	_	_	_	@idp1956f-word#@idp1956f#1185.455#1185.747
853	бы	бы	AUX	_	_	_	_	_	@idp1956f-word#@idp1956f#1185.747#1186.039
854	сказала	сказать	VERB	_	Aspect=Perf|Gender=Fem|Mood=Ind|Number=Sing|Tense=Past|VerbForm=Fin|Voice=Act	_	_	_	@idp1956f-word#@idp1956f#1186.039#1186.331
855	крупных	крупный	ADJ	_	Case=Gen|Degree=Pos|Number=Plur	_	_	_	@idp1956f-word#@idp1956f#1186.331#1186.623
856	политических	политический	ADJ	_	Case=Gen|Degree=Pos|Number=Plur	_	_	_	@idp1956f-word#@idp1956f#1186.623#1186.915
857	деятеля	деятель	NOUN	_	Animacy=Anim|Case=Gen|Gender=Masc|Number=Sing	_	_	_	@idp1956f-word#@idp1956f#1186.915#1187.207
858	/	/	PUNCT	_	_	_	_	_	@idp1956f-word#@idp1956f#1187.207#1187.499
859	которые	который	PRON	_	Case=Nom	_	_	_	@idp1956f-word#@idp1956f#1187.499#1187.791
860	не	не	PART	_	_	_	_	_	@idp1956f-word#@idp1956f#1187.791#1188.083
861	поняли	понять	VERB	_	Aspect=Perf|Mood=Ind|Number=Plur|Tense=Past|VerbForm=Fin|Voice=Act	_	_	_	@idp1956f-word#@idp1956f#1188.083#1188.375
862	друг	друг	NOUN	_	Animacy=Anim|Case=Nom|Gender=Masc|Number=Sing	_	_	_	@idp1956f-word#@idp1956f#1188.375#1188.667
863	друга	друг	NOUN	_	Animacy=Anim|Case=Acc|Gender=Masc|Number=Sing	_	_	_	@idp1956f-word#@idp1956f#1188.667#1188.959
864	/	/	PUNCT	_	_	_	_	_	@idp1956f-word#@idp1956f#1188.959#1189.251
865	которые	который	PRON	_	Case=Nom	_	_	_	@idp1956f-word#@idp1956f#1189.251#1189.543
866	враждовали	враждовать	VERB	_	Aspect=Imp|Mood=Ind|Number=Plur|Tense=Past|VerbForm=Fin|Voice=Act	_	_	_	@idp1956f-word#@idp1956f#1189.543#1189.835
867	/	/	PUNCT	_	_	_	_	_	@idp1956f-word#@idp1956f#1189.835#1190.127
868	но	но	CCONJ	_	_	_	_	_	@idp1956f-word#@idp1956f#1190.127#1190.419
869	тот	тот	DET	_	Case=Nom|Gender=Masc|Number=Sing	_	_	_	@idp1956f-word#@idp1956f#1190.419#1190.711
870	и	и	PART	_	_	_	_	_	@idp1956f-word#@idp1956f#1190.711#1191.003
871	другой	другой	ADJ	_	Case=Nom|Degree=Pos|Gender=Masc|Number=Sing	_	_	_	@idp1956f-word#@idp1956f#1191.003#1191.295
872	много	много	ADV	_	Degree=Pos	_	_	_	@idp1956f-word#@idp1956f#1191.295#1191.587
873	внёс	внёс	VERB	_	Aspect=Perf|Gender=Masc|Mood=Ind|Number=Sing|Tense=Past|VerbForm=Fin|Voice=Act	_	_	_	@idp1956f-word#@idp1956f#1191.587#1191.879
874	в	в	ADP	_	_	_	_	_	@idp1956f-word#@idp1956f#1191.879#1192.171
875	развитие	развитие	NOUN	_	Animacy=Inan|Case=Acc|Gender=Neut|Number=Sing	_	_	_	@idp1956f-word#@idp1956f#1192.171#1192.463
876	страны	страна	NOUN	_	Animacy=Inan|Case=Gen|Gender=Fem|Number=Sing	_	_	_	@idp1956f-word#@idp1956f#1192.463#1192.755
877	и	и	CCONJ	_	_	_	_	_	@idp1956f-word#@idp1956f#1192.755#1193.047
878	во	в	ADP	_	_	_	_	_	@idp1956f-word#@idp1956f#1193.047#1193.339
879	многом	многое	NOUN	_	Animacy=Inan|Case=Loc|Gender=Neut|Number=Sing	_	_	_	@idp1956f-word#@idp1956f#1193.339#1193.631
880	был	быть	AUX	_	Aspect=Imp|Gender=Masc|Mood=Ind|Number=Sing|Tense=Past|VerbForm=Fin|Voice=Act	_	_	_	@idp1956f-word#@idp1956f#1193.631#1193.923
881	положительно	положительно	ADV	_	Degree=Pos	_	_	_	@idp1956f-word#@idp1956f#1193.923#1194.234
882	всё-таки	все-таки	PART	_	_	_	_	_	@idp1956f-word#@idp1956f#1194.468#1194.818
883	мы	мы	PRON	_	Case=Nom|Number=Plur|Person=1	_	_	_	@idp1956f-word#@idp1956f#1194.818#1195.168
884	не	не	PART	_	_	_	_	_	@idp1956f-word#@idp1956f#1195.168#1195.518
885	будем	быть	AUX	_	Aspect=Imp|Mood=Ind|Number=Plur|Person=1|Tense=Pres|VerbForm=Fin|Voice=Act	_	_	_	@idp1956f-word#@idp1956f#1195.518#1195.868
886	сравнивать	сравнивать	VERB	_	Aspect=Imp|VerbForm=Inf|Voice=Act	_	_	_	@idp1956f-word#@idp1956f#1195.868#1196.218
887	нынешнюю	нынешний	ADJ	_	Case=Acc|Degree=Pos|Gender=Fem|Number=Sing	_	_	_	@idp1956f-word#@idp1956f#1196.218#1196.568
888	ситуацию	ситуация	NOUN	_	Animacy=Inan|Case=Acc|Gender=Fem|Number=Sing	_	_	_	@idp1956f-word#@idp1956f#1196.568#1196.918
889	даже	даже	PART	_	_	_	_	_	@idp1956f-word#@idp1956f#1196.918#1197.268
890	нынешней	нынешний	ADJ	_	Case=Ins|Degree=Pos|Gender=Fem|Number=Sing	_	_	_	@idp1956f-word#@idp1956f#1197.268#1197.618
891	неприятной	неприятный	ADJ	_	Case=Ins|Degree=Pos|Gender=Fem|Number=Sing	_	_	_	@idp1956f-word#@idp1956f#1197.618#1197.968
892	/	/	PUNCT	_	_	_	_	_	@idp1956f-word#@idp1956f#1197.968#1198.318
893	с	с	ADP	_	_	_	_	_	@idp1956f-word#@idp1956f#1198.318#1198.668
894	тем	тот	DET	_	Case=Ins|Gender=Masc|Number=Sing	_	_	_	@idp1956f-word#@idp1956f#1198.668#1199.018
895	объёмом	объём	NOUN	_	Animacy=Inan|Case=Ins|Gender=Masc|Number=Sing	_	_	_	@idp1956f-word#@idp1956f#1199.018#1199.368
896	репрессий	репрессия	NOUN	_	Animacy=Inan|Case=Gen|Gender=Fem|Number=Plur	_	_	_	@idp1956f-word#@idp1956f#1199.368#1199.718
897	и	и	CCONJ	_	_	_	_	_	@idp1956f-word#@idp1956f#1199.718#1200.068
898	зажатости	зажатость	NOUN	_	Animacy=Inan|Case=Gen|Gender=Fem|Number=Sing	_	_	_	@idp1956f-word#@idp1956f#1200.068#1200.418
899	да	да	CCONJ	_	_	_	_	_	@idp1956f-word#@idp1956f#1200.418#1200.768
900	/	/	PUNCT	_	_	_	_	_	@idp1956f-word#@idp1956f#1200.768#1201.118
901	которые	который	PRON	_	Case=Nom	_	_	_	@idp1956f-word#@idp1956f#1201.118#1201.468
902	осуществлялись	осуществляться	VERB	_	Aspect=Imp|Mood=Ind|Number=Plur|Tense=Past|VerbForm=Fin|Voice=Mid	_	_	_	@idp1956f-word#@idp1956f#1201.468#1201.818
903	в	в	ADP	_	_	_	_	_	@idp1956f-word#@idp1956f#1201.818#1202.168
904	Советском	советский	ADJ	_	Case=Loc|Degree=Pos|Gender=Masc|Number=Sing	_	_	_	@idp1956f-word#@idp1956f#1202.168#1202.518
905	Союзе	Союз	PROPN	_	Animacy=Inan|Case=Loc|Gender=Masc|Number=Sing	_	_	_	@idp1956f-word#@idp1956f#1202.518#1202.875
906	аа	ао	NOUN	_	Animacy=Inan|Case=Gen|Gender=Masc|Number=Sing	_	_	_	@idp1956f-word#@idp1956f#1203.343#1203.707
907	/	/	PUNCT	_	_	_	_	_	@idp1956f-word#@idp1956f#1203.707#1204.071
908	если	если	SCONJ	_	_	_	_	_	@idp1956f-word#@idp1956f#1204.071#1204.435
909	кто	кто	PRON	_	Case=Nom	_	_	_	@idp1956f-word#@idp1956f#1204.435#1204.799
910	ценит	ценить	VERB	_	Aspect=Imp|Mood=Ind|Number=Sing|Person=3|Tense=Pres|VerbForm=Fin|Voice=Act	_	_	_	@idp1956f-word#@idp1956f#1204.799#1205.163
911	вообще	вообще	ADV	_	Degree=Pos	_	_	_	@idp1956f-word#@idp1956f#1205.163#1205.527
912	хоть	хоть	ADV	_	Degree=Pos	_	_	_	@idp1956f-word#@idp1956f#1205.527#1205.891
913	какие-то	какой-то	DET	_	Case=Acc|Number=Plur	_	_	_	@idp1956f-word#@idp1956f#1205.891#1206.255
914	свободы	свобода	NOUN	_	Animacy=Inan|Case=Acc|Gender=Fem|Number=Plur	_	_	_	@idp1956f-word#@idp1956f#1206.255#1206.619
915	и	и	CCONJ	_	_	_	_	_	@idp1956f-word#@idp1956f#1206.619#1206.983
916	возможности	возможность	NOUN	_	Animacy=Inan|Case=Acc|Gender=Fem|Number=Plur	_	_	_	@idp1956f-word#@idp1956f#1206.983#1207.347
917	какой-то	какой-то	DET	_	Case=Gen|Gender=Fem|Number=Sing	_	_	_	@idp1956f-word#@idp1956f#1207.347#1207.711
918	жизни	жизнь	NOUN	_	Animacy=Inan|Case=Gen|Gender=Fem|Number=Sing	_	_	_	@idp1956f-word#@idp1956f#1207.711#1208.075
919	/	/	PUNCT	_	_	_	_	_	@idp1956f-word#@idp1956f#1208.075#1208.439
920	аа	а	NOUN	_	Animacy=Inan|Case=Gen|Gender=Masc|Number=Sing	_	_	_	@idp1956f-word#@idp1956f#1208.439#1208.803
921	более	более	ADV	_	Degree=Cmp	_	_	_	@idp1956f-word#@idp1956f#1208.803#1209.167
922	или	или	CCONJ	_	_	_	_	_	@idp1956f-word#@idp1956f#1209.167#1209.531
923	менее	менее	ADV	_	Degree=Cmp	_	_	_	@idp1956f-word#@idp1956f#1209.531#1209.895
924	/	/	PUNCT	_	_	_	_	_	@idp1956f-word#@idp1956f#1209.895#1210.259
925	аа	а	NOUN	_	Animacy=Inan|Case=Gen|Gender=Masc|Number=Sing	_	_	_	@idp1956f-word#@idp1956f#1210.259#1210.623
926	я	я	PRON	_	Case=Nom|Number=Sing|Person=1	_	_	_	@idp1956f-word#@idp1956f#1210.623#1210.987
927	бы	бы	AUX	_	_	_	_	_	@idp1956f-word#@idp1956f#1210.987#1211.351
928	сказала	сказать	VERB	_	Aspect=Perf|Gender=Fem|Mood=Ind|Number=Sing|Tense=Past|VerbForm=Fin|Voice=Act	_	_	_	@idp1956f-word#@idp1956f#1211.351#1211.715
929	/	/	PUNCT	_	_	_	_	_	@idp1956f-word#@idp1956f#1211.715#1212.079
930	да	да	PART	_	_	_	_	_	@idp1956f-word#@idp1956f#1212.079#1212.443
931	благополучной	благополучный	ADJ	_	Case=Nom|Degree=Pos|Gender=Masc|Number=Sing	_	_	_	@idp1956f-word#@idp1956f#1212.443#1212.828
932	вопрос	вопрос	NOUN	_	Animacy=Inan|Case=Nom|Gender=Masc|Number=Sing	_	_	_	@idp1956f-word#@idp1956f#1213.046#1213.376
933	кто	кто	PRON	_	Case=Nom	_	_	_	@idp1956f-word#@idp1956f#1213.376#1213.706
934	был	быть	AUX	_	Aspect=Imp|Gender=Masc|Mood=Ind|Number=Sing|Tense=Past|VerbForm=Fin|Voice=Act	_	_	_	@idp1956f-word#@idp1956f#1213.706#1214.036
935	прав	прав	ADJ	_	Degree=Pos|Gender=Masc|Number=Sing|Variant=Short	_	_	_	@idp1956f-word#@idp1956f#1214.036#1214.366
936	кто	кто	PRON	_	Case=Nom	_	_	_	@idp1956f-word#@idp1956f#1214.366#1214.696
937	виноват	виноватый	ADJ	_	Degree=Pos|Gender=Masc|Number=Sing|Variant=Short	_	_	_	@idp1956f-word#@idp1956f#1214.696#1215.026
938	/	/	PUNCT	_	_	_	_	_	@idp1956f-word#@idp1956f#1215.026#1215.356
939	э	э	INTJ	_	_	_	_	_	@idp1956f-word#@idp1956f#1215.356#1215.686
940	тоже	тоже	PART	_	_	_	_	_	@idp1956f-word#@idp1956f#1215.686#1216.016
941	вопрос	вопрос	NOUN	_	Animacy=Inan|Case=Nom|Gender=Masc|Number=Sing	_	_	_	@idp1956f-word#@idp1956f#1216.016#1216.346
942	для	для	ADP	_	_	_	_	_	@idp1956f-word#@idp1956f#1216.346#1216.676
943	общественных	общественный	ADJ	_	Case=Gen|Degree=Pos|Number=Plur	_	_	_	@idp1956f-word#@idp1956f#1216.676#1217.006
944	дебатов	дебаты	NOUN	_	Animacy=Inan|Case=Gen|Gender=Masc|Number=Plur	_	_	_	@idp1956f-word#@idp1956f#1217.006#1217.336
945	/	/	PUNCT	_	_	_	_	_	@idp1956f-word#@idp1956f#1217.336#1217.666
946	я	я	PRON	_	Case=Nom|Number=Sing|Person=1	_	_	_	@idp1956f-word#@idp1956f#1217.666#1217.996
947	не	не	PART	_	_	_	_	_	@idp1956f-word#@idp1956f#1217.996#1218.326
948	очень	очень	ADV	_	Degree=Pos	_	_	_	@idp1956f-word#@idp1956f#1218.326#1218.656
949	понимаю	понимать	VERB	_	Aspect=Imp|Mood=Ind|Number=Sing|Person=1|Tense=Pres|VerbForm=Fin|Voice=Act	_	_	_	@idp1956f-word#@idp1956f#1218.656#1218.986
950	/	/	PUNCT	_	_	_	_	_	@idp1956f-word#@idp1956f#1218.986#1219.316
951	аа	а	NOUN	_	Animacy=Inan|Case=Gen|Gender=Masc|Number=Sing	_	_	_	@idp1956f-word#@idp1956f#1219.316#1219.646
952	мог	мочь	VERB	_	Aspect=Imp|Gender=Masc|Mood=Ind|Number=Sing|Tense=Past|VerbForm=Fin|Voice=Act	_	_	_	@idp1956f-word#@idp1956f#1219.646#1219.976
953	ли	ли	PART	_	_	_	_	_	@idp1956f-word#@idp1956f#1219.976#1220.306
954	Горбачёв	Горбачев	PROPN	_	Animacy=Anim|Case=Nom|Gender=Masc|Number=Sing	_	_	_	@idp1956f-word#@idp1956f#1220.306#1220.636
955	что-то	что-то	PRON	_	Case=Acc	_	_	_	@idp1956f-word#@idp1956f#1220.636#1220.966
956	удержать	удержать	VERB	_	Aspect=Perf|VerbForm=Inf|Voice=Act	_	_	_	@idp1956f-word#@idp1956f#1220.966#1221.296
957	/	/	PUNCT	_	_	_	_	_	@idp1956f-word#@idp1956f#1221.296#1221.626
958	или	или	CCONJ	_	_	_	_	_	@idp1956f-word#@idp1956f#1221.626#1221.956
959	уже	уже	ADV	_	Degree=Pos	_	_	_	@idp1956f-word#@idp1956f#1221.956#1222.286
960	изношен	изношить	VERB	_	Aspect=Perf|Gender=Masc|Number=Sing|Tense=Past|Variant=Short|VerbForm=Part|Voice=Pass	_	_	_	@idp1956f-word#@idp1956f#1222.286#1222.616
961	был	быть	AUX	_	Aspect=Imp|Gender=Masc|Mood=Ind|Number=Sing|Tense=Past|VerbForm=Fin|Voice=Act	_	_	_	@idp1956f-word#@idp1956f#1222.616#1222.946
962	механизм	механизм	NOUN	_	Animacy=Inan|Case=Nom|Gender=Masc|Number=Sing	_	_	_	@idp1956f-word#@idp1956f#1222.946#1223.276
963	настолько	настолько	ADV	_	Degree=Pos	_	_	_	@idp1956f-word#@idp1956f#1223.276#1223.606
964	/	/	PUNCT	_	_	_	_	_	@idp1956f-word#@idp1956f#1223.606#1223.936
965	что	что	SCONJ	_	_	_	_	_	@idp1956f-word#@idp1956f#1223.936#1224.266
966	ничего	ничто	PRON	_	Case=Gen	_	_	_	@idp1956f-word#@idp1956f#1224.266#1224.596
967	сделать	делать	VERB	_	Aspect=Perf|VerbForm=Inf|Voice=Act	_	_	_	@idp1956f-word#@idp1956f#1224.596#1224.926
968	было	быть	AUX	_	Aspect=Imp|Gender=Neut|Mood=Ind|Number=Sing|Tense=Past|VerbForm=Fin|Voice=Act	_	_	_	@idp1956f-word#@idp1956f#1224.926#1225.256
969	невозможно	невозможный	ADJ	_	Degree=Pos|Gender=Neut|Number=Sing|Variant=Short	_	_	_	@idp1956f-word#@idp1956f#1225.256#1225.616

