1	если	если	SCONJ	_	_	_	_	_	ass1991m-words#@ass1991m#11.217#11.584
2	честно	честно	ADV	_	Degree=Pos	_	_	_	ass1991m-words#@ass1991m#11.584#11.951
3	у	у	ADP	_	_	_	_	_	ass1991m-words#@ass1991m#11.951#12.318
4	меня	я	PRON	_	Case=Gen|Number=Sing|Person=1	_	_	_	ass1991m-words#@ass1991m#12.318#12.685
5	чет	чет	VERB	_	Aspect=Imp|Mood=Ind|Number=Sing|Person=3|Tense=Pres|VerbForm=Fin|Voice=Act	_	_	_	ass1991m-words#@ass1991m#12.685#13.052
6	в	в	ADP	_	_	_	_	_	ass1991m-words#@ass1991m#13.052#13.419
7	последнее	последний	ADJ	_	Case=Acc|Degree=Pos|Gender=Neut|Number=Sing	_	_	_	ass1991m-words#@ass1991m#13.419#13.786
8	время	время	NOUN	_	Animacy=Inan|Case=Acc|Gender=Neut|Number=Sing	_	_	_	ass1991m-words#@ass1991m#13.786#14.153
9	такой	такой	DET	_	Case=Acc|Gender=Masc|Number=Sing	_	_	_	ass1991m-words#@ass1991m#14.153#14.52
10	темп	темп	NOUN	_	Animacy=Inan|Case=Acc|Gender=Masc|Number=Sing	_	_	_	ass1991m-words#@ass1991m#14.52#14.887
11	что	что	PRON	_	Case=Acc	_	_	_	ass1991m-words#@ass1991m#14.887#15.254
12	я	я	PRON	_	Case=Nom|Number=Sing|Person=1	_	_	_	ass1991m-words#@ass1991m#15.254#15.621
13	себе	себя	PRON	_	Case=Dat	_	_	_	ass1991m-words#@ass1991m#15.621#15.988
14	дел	дело	NOUN	_	Animacy=Inan|Case=Acc|Gender=Masc|Number=Sing	_	_	_	ass1991m-words#@ass1991m#15.988#16.355
15	напридумываю	напридумывать	VERB	_	Aspect=Imp|Mood=Ind|Number=Sing|Person=1|Tense=Pres|VerbForm=Fin|Voice=Act	_	_	_	ass1991m-words#@ass1991m#16.355#16.722
16	больше	больше	ADV	_	Degree=Cmp	_	_	_	ass1991m-words#@ass1991m#16.722#17.089
17	чем	что	SCONJ	_	_	_	_	_	ass1991m-words#@ass1991m#17.089#17.456
18	могу	мочь	VERB	_	Aspect=Imp|Mood=Ind|Number=Sing|Person=1|Tense=Pres|VerbForm=Fin|Voice=Act	_	_	_	ass1991m-words#@ass1991m#17.456#17.823
19	осилить	осилить	VERB	_	Aspect=Perf|VerbForm=Inf|Voice=Act	_	_	_	ass1991m-words#@ass1991m#17.823#18.19
20	и	и	PART	_	_	_	_	_	ass1991m-words#@ass1991m#18.19#18.557
21	меня	я	PRON	_	Case=Acc|Number=Sing|Person=1	_	_	_	ass1991m-words#@ass1991m#18.557#18.924
22	банально	банально	ADV	_	Degree=Pos	_	_	_	ass1991m-words#@ass1991m#18.924#19.291
23	не	не	PART	_	_	_	_	_	ass1991m-words#@ass1991m#19.291#19.658
24	хватает	хватать	VERB	_	Aspect=Imp|Mood=Ind|Number=Sing|Person=3|Tense=Pres|VerbForm=Fin|Voice=Act	_	_	_	ass1991m-words#@ass1991m#19.658#20.025
25	на	на	ADP	_	_	_	_	_	ass1991m-words#@ass1991m#20.025#20.392
26	некоторые	некоторый	DET	_	Case=Acc|Number=Plur	_	_	_	ass1991m-words#@ass1991m#20.392#20.759
27	вещи	вещь	NOUN	_	Animacy=Inan|Case=Acc|Gender=Fem|Number=Plur	_	_	_	ass1991m-words#@ass1991m#20.759#21.126
28	/	/	PUNCT	_	_	_	_	_	ass1991m-words#@ass1991m#21.126#21.493
29	то	то	PRON	_	Animacy=Inan|Case=Nom|Gender=Neut|Number=Sing	_	_	_	ass1991m-words#@ass1991m#21.493#21.86
30	есть	быть	VERB	_	Aspect=Imp|Mood=Ind|Number=Sing|Person=3|Tense=Pres|VerbForm=Fin|Voice=Act	_	_	_	ass1991m-words#@ass1991m#21.86#22.227
31	если	если	SCONJ	_	_	_	_	_	ass1991m-words#@ass1991m#22.227#22.594
32	музыку	музыка	NOUN	_	Animacy=Inan|Case=Dat|Gender=Masc|Number=Sing	_	_	_	ass1991m-words#@ass1991m#22.594#22.961
33	мне	я	PRON	_	Case=Dat|Number=Sing|Person=1	_	_	_	ass1991m-words#@ass1991m#22.961#23.328
34	ещё	еще	ADV	_	Degree=Pos	_	_	_	ass1991m-words#@ass1991m#23.328#23.695
35	/	/	PUNCT	_	_	_	_	_	ass1991m-words#@ass1991m#23.695#24.062
36	/	/	PUNCT	_	_	_	_	_	ass1991m-words#@ass1991m#24.062#24.429
37	аа	а	NOUN	_	Animacy=Inan|Case=Nom|Gender=Fem|Number=Sing	_	_	_	ass1991m-words#@ass1991m#24.429#24.796
38	/	/	PUNCT	_	_	_	_	_	ass1991m-words#@ass1991m#24.796#25.163
39	хватает	хватать	VERB	_	Aspect=Imp|Mood=Ind|Number=Sing|Person=3|Tense=Pres|VerbForm=Fin|Voice=Act	_	_	_	ass1991m-words#@ass1991m#25.163#25.53
40	интереса	интерес	NOUN	_	Animacy=Inan|Case=Gen|Gender=Masc|Number=Sing	_	_	_	ass1991m-words#@ass1991m#25.53#25.897
41	слушать	слушать	VERB	_	Aspect=Imp|VerbForm=Inf|Voice=Act	_	_	_	ass1991m-words#@ass1991m#25.897#26.264
42	и	и	CCONJ	_	_	_	_	_	ass1991m-words#@ass1991m#26.264#26.631
43	внимания	внимание	NOUN	_	Animacy=Inan|Case=Gen|Gender=Neut|Number=Sing	_	_	_	ass1991m-words#@ass1991m#26.631#26.998
44	фильмы	фильм	NOUN	_	Animacy=Inan|Case=Gen|Gender=Fem|Number=Sing	_	_	_	ass1991m-words#@ass1991m#26.998#27.365
45	некоторые	некоторый	DET	_	Case=Nom|Number=Plur	_	_	_	ass1991m-words#@ass1991m#27.365#27.732
46	смотреть	смотреть	VERB	_	Aspect=Imp|VerbForm=Inf|Voice=Act	_	_	_	ass1991m-words#@ass1991m#27.732#28.099
47	но	но	CCONJ	_	_	_	_	_	ass1991m-words#@ass1991m#28.099#28.466
48	/	/	PUNCT	_	_	_	_	_	ass1991m-words#@ass1991m#28.466#28.833
49	это	это	PRON	_	Animacy=Inan|Case=Nom|Gender=Neut|Number=Sing	_	_	_	ass1991m-words#@ass1991m#28.833#29.2
50	наверное	наверное	ADV	_	Degree=Pos	_	_	_	ass1991m-words#@ass1991m#29.2#29.567
51	если	если	SCONJ	_	_	_	_	_	ass1991m-words#@ass1991m#29.567#29.934
52	брать	брать	VERB	_	Aspect=Imp|VerbForm=Inf|Voice=Act	_	_	_	ass1991m-words#@ass1991m#29.934#30.301
53	сто	сто	NUM	_	Case=Acc	_	_	_	ass1991m-words#@ass1991m#30.301#30.668
54	процентов	процент	NOUN	_	Animacy=Inan|Case=Gen|Gender=Masc|Number=Plur	_	_	_	ass1991m-words#@ass1991m#30.668#31.035
55	моего	мой	DET	_	Case=Gen|Gender=Neut|Number=Sing	_	_	_	ass1991m-words#@ass1991m#31.035#31.402
56	времени	время	NOUN	_	Animacy=Inan|Case=Gen|Gender=Neut|Number=Sing	_	_	_	ass1991m-words#@ass1991m#31.402#31.769
57	ну	ну	PART	_	_	_	_	_	ass1991m-words#@ass1991m#31.769#32.136
58	это	это	PRON	_	Animacy=Inan|Case=Nom|Gender=Neut|Number=Sing	_	_	_	ass1991m-words#@ass1991m#32.136#32.503
59	процентов	процент	NOUN	_	Animacy=Inan|Case=Gen|Gender=Masc|Number=Plur	_	_	_	ass1991m-words#@ass1991m#32.503#32.87
60	/	/	PUNCT	_	_	_	_	_	ass1991m-words#@ass1991m#32.87#33.237
61	не	не	PART	_	_	_	_	_	ass1991m-words#@ass1991m#33.237#33.604
62	знаю	знать	VERB	_	Aspect=Imp|Mood=Ind|Number=Sing|Person=1|Tense=Pres|VerbForm=Fin|Voice=Act	_	_	_	ass1991m-words#@ass1991m#33.604#33.971
63	/	/	PUNCT	_	_	_	_	_	ass1991m-words#@ass1991m#33.971#34.338
64	пять	пять	NUM	_	Case=Acc	_	_	_	ass1991m-words#@ass1991m#34.338#34.705
65	наверное	наверное	ADV	_	Degree=Pos	_	_	_	ass1991m-words#@ass1991m#34.705#35.072
66	/	/	PUNCT	_	_	_	_	_	ass1991m-words#@ass1991m#35.072#35.439
67	всё	весь	DET	_	Case=Acc|Gender=Neut|Number=Sing	_	_	_	ass1991m-words#@ass1991m#35.439#35.806
68	остальное	остальной	ADJ	_	Case=Acc|Degree=Pos|Gender=Neut|Number=Sing	_	_	_	ass1991m-words#@ass1991m#35.806#36.173
69	время	время	NOUN	_	Animacy=Inan|Case=Acc|Gender=Neut|Number=Sing	_	_	_	ass1991m-words#@ass1991m#36.173#36.54
70	я	я	PRON	_	Case=Nom|Number=Sing|Person=1	_	_	_	ass1991m-words#@ass1991m#36.54#36.907
71	стараюсь	стараться	VERB	_	Aspect=Imp|Mood=Ind|Number=Sing|Person=1|Tense=Pres|VerbForm=Fin|Voice=Mid	_	_	_	ass1991m-words#@ass1991m#36.907#37.274
72	/	/	PUNCT	_	_	_	_	_	ass1991m-words#@ass1991m#37.274#37.641
73	думать	думать	VERB	_	Aspect=Imp|VerbForm=Inf|Voice=Act	_	_	_	ass1991m-words#@ass1991m#37.641#38.008
74	//	//	PUNCT	_	_	_	_	_	ass1991m-words#@ass1991m#38.008#38.375
75	либо	либо	CCONJ	_	_	_	_	_	ass1991m-words#@ass1991m#38.375#38.742
76	какие-то	какой-то	DET	_	Case=Acc|Number=Plur	_	_	_	ass1991m-words#@ass1991m#38.742#39.109
77	задачки	задачка	NOUN	_	Animacy=Inan|Case=Acc|Gender=Fem|Number=Plur	_	_	_	ass1991m-words#@ass1991m#39.109#39.476
78	решать	решать	VERB	_	Aspect=Imp|VerbForm=Inf|Voice=Act	_	_	_	ass1991m-words#@ass1991m#39.476#39.843
79	в	в	ADP	_	_	_	_	_	ass1991m-words#@ass1991m#39.843#40.21
80	голове	голова	NOUN	_	Animacy=Inan|Case=Loc|Gender=Fem|Number=Sing	_	_	_	ass1991m-words#@ass1991m#40.21#40.577
81	жизненные	жизненный	ADJ	_	Animacy=Inan|Case=Acc|Degree=Pos|Number=Plur	_	_	_	ass1991m-words#@ass1991m#40.577#40.944
82	которые	который	PRON	_	Case=Acc	_	_	_	ass1991m-words#@ass1991m#40.944#41.311
83	передо	перед	ADP	_	_	_	_	_	ass1991m-words#@ass1991m#41.311#41.678
84	мной	я	PRON	_	Case=Ins|Number=Sing|Person=1	_	_	_	ass1991m-words#@ass1991m#41.678#42.045
85	реально	реально	ADV	_	Degree=Pos	_	_	_	ass1991m-words#@ass1991m#42.045#42.412
86	существуют	существовать	VERB	_	Aspect=Imp|Mood=Ind|Number=Plur|Person=3|Tense=Pres|VerbForm=Fin|Voice=Act	_	_	_	ass1991m-words#@ass1991m#42.412#42.779
87	и	и	PART	_	_	_	_	_	ass1991m-words#@ass1991m#42.779#43.146
88	мне	я	PRON	_	Case=Dat|Number=Sing|Person=1	_	_	_	ass1991m-words#@ass1991m#43.146#43.513
89	надо	надо	ADV	_	Degree=Pos	_	_	_	ass1991m-words#@ass1991m#43.513#43.88
90	об	о	ADP	_	_	_	_	_	ass1991m-words#@ass1991m#43.88#44.247
91	этом	это	PRON	_	Animacy=Inan|Case=Loc|Gender=Neut|Number=Sing	_	_	_	ass1991m-words#@ass1991m#44.247#44.614
92	думать	думать	VERB	_	Aspect=Imp|VerbForm=Inf|Voice=Act	_	_	_	ass1991m-words#@ass1991m#44.614#44.981
93	либо	либо	CCONJ	_	_	_	_	_	ass1991m-words#@ass1991m#44.981#45.348
94	думаю	думать	VERB	_	Aspect=Imp|Mood=Ind|Number=Sing|Person=1|Tense=Pres|VerbForm=Fin|Voice=Act	_	_	_	ass1991m-words#@ass1991m#45.348#45.715
95	о	о	ADP	_	_	_	_	_	ass1991m-words#@ass1991m#45.715#46.082
96	том	то	PRON	_	Animacy=Inan|Case=Loc|Gender=Neut|Number=Sing	_	_	_	ass1991m-words#@ass1991m#46.082#46.449
97	чего	что	PRON	_	Case=Gen	_	_	_	ass1991m-words#@ass1991m#46.449#46.816
98	б	бы	AUX	_	_	_	_	_	ass1991m-words#@ass1991m#46.816#47.183
99	такого	такой	DET	_	Case=Gen|Gender=Neut|Number=Sing	_	_	_	ass1991m-words#@ass1991m#47.183#47.55
100	придумать	придумать	VERB	_	Aspect=Perf|VerbForm=Inf|Voice=Act	_	_	_	ass1991m-words#@ass1991m#47.55#47.917
101	ещё	еще	ADV	_	Degree=Pos	_	_	_	ass1991m-words#@ass1991m#47.917#48.284
102	/	/	PUNCT	_	_	_	_	_	ass1991m-words#@ass1991m#48.284#48.651
103	классного	классный	ADJ	_	Case=Gen|Degree=Pos|Gender=Neut|Number=Sing	_	_	_	ass1991m-words#@ass1991m#48.651#49.018
104	//	//	PUNCT	_	_	_	_	_	ass1991m-words#@ass1991m#49.018#49.385
105	то	то	PRON	_	Animacy=Inan|Case=Nom|Gender=Neut|Number=Sing	_	_	_	ass1991m-words#@ass1991m#49.385#49.752
106	есть	быть	VERB	_	Aspect=Imp|Mood=Ind|Number=Sing|Person=3|Tense=Pres|VerbForm=Fin|Voice=Act	_	_	_	ass1991m-words#@ass1991m#49.752#50.119
107	чем	чем	SCONJ	_	_	_	_	_	ass1991m-words#@ass1991m#50.119#50.486
108	больше	больше	ADV	_	Degree=Cmp	_	_	_	ass1991m-words#@ass1991m#50.486#50.853
109	ты	ты	PRON	_	Case=Nom|Number=Sing|Person=2	_	_	_	ass1991m-words#@ass1991m#50.853#51.22
110	думаешь	думать	VERB	_	Aspect=Imp|Mood=Ind|Number=Sing|Person=2|Tense=Pres|VerbForm=Fin|Voice=Act	_	_	_	ass1991m-words#@ass1991m#51.22#51.587
111	тем	тот	SCONJ	_	_	_	_	_	ass1991m-words#@ass1991m#51.587#51.954
112	в	в	ADP	_	_	_	_	_	ass1991m-words#@ass1991m#51.954#52.321
113	итоге	итог	NOUN	_	Animacy=Inan|Case=Loc|Gender=Masc|Number=Sing	_	_	_	ass1991m-words#@ass1991m#52.321#52.688
114	ты	ты	PRON	_	Case=Nom|Number=Sing|Person=2	_	_	_	ass1991m-words#@ass1991m#52.688#53.055
115	больше	больше	ADV	_	Degree=Cmp	_	_	_	ass1991m-words#@ass1991m#53.055#53.422
116	можешь	мочь	VERB	_	Aspect=Imp|Mood=Ind|Number=Sing|Person=2|Tense=Pres|VerbForm=Fin|Voice=Act	_	_	_	ass1991m-words#@ass1991m#53.422#53.789
117	//	//	PUNCT	_	_	_	_	_	ass1991m-words#@ass1991m#53.789#54.156
118	потому	потому	ADV	_	Degree=Pos	_	_	_	ass1991m-words#@ass1991m#54.156#54.523
119	что	что	SCONJ	_	_	_	_	_	ass1991m-words#@ass1991m#54.523#54.89
120	всё	все	DET	_	Case=Nom|Gender=Neut|Number=Sing	_	_	_	ass1991m-words#@ass1991m#54.89#55.257
121	остальное	остальной	ADJ	_	Case=Nom|Degree=Pos|Gender=Neut|Number=Sing	_	_	_	ass1991m-words#@ass1991m#55.257#55.624
122	по	по	ADP	_	_	_	_	_	ass1991m-words#@ass1991m#55.624#55.991
123	факту	факт	NOUN	_	Animacy=Inan|Case=Dat|Gender=Masc|Number=Sing	_	_	_	ass1991m-words#@ass1991m#55.991#56.358
124	просто	просто	PART	_	_	_	_	_	ass1991m-words#@ass1991m#56.358#56.725
125	тратит	тратить	VERB	_	Aspect=Imp|Mood=Ind|Number=Sing|Person=3|Tense=Pres|VerbForm=Fin|Voice=Act	_	_	_	ass1991m-words#@ass1991m#56.725#57.092
126	твоё	етво	DET	_	Case=Acc|Gender=Neut|Number=Sing	_	_	_	ass1991m-words#@ass1991m#57.092#57.459
127	время	время	NOUN	_	Animacy=Inan|Case=Acc|Gender=Neut|Number=Sing	_	_	_	ass1991m-words#@ass1991m#57.459#57.826
128	фильмы	фильм	NOUN	_	Animacy=Inan|Case=Nom|Gender=Masc|Number=Plur	_	_	_	ass1991m-words#@ass1991m#57.826#58.193
129	тратят	тратить	VERB	_	Aspect=Imp|Mood=Ind|Number=Plur|Person=3|Tense=Pres|VerbForm=Fin|Voice=Act	_	_	_	ass1991m-words#@ass1991m#58.193#58.56
130	твоё	етво	DET	_	Case=Acc|Gender=Neut|Number=Sing	_	_	_	ass1991m-words#@ass1991m#58.56#58.927
131	время	время	NOUN	_	Animacy=Inan|Case=Acc|Gender=Neut|Number=Sing	_	_	_	ass1991m-words#@ass1991m#58.927#59.294
132	музыка	музыка	NOUN	_	Animacy=Inan|Case=Nom|Gender=Fem|Number=Sing	_	_	_	ass1991m-words#@ass1991m#59.294#59.661
133	тратит	тратить	VERB	_	Aspect=Imp|Mood=Ind|Number=Sing|Person=3|Tense=Pres|VerbForm=Fin|Voice=Act	_	_	_	ass1991m-words#@ass1991m#59.661#60.028
134	твоё	етво	DET	_	Case=Acc|Gender=Neut|Number=Sing	_	_	_	ass1991m-words#@ass1991m#60.028#60.395
135	время	время	NOUN	_	Animacy=Inan|Case=Acc|Gender=Neut|Number=Sing	_	_	_	ass1991m-words#@ass1991m#60.395#60.762
136	отношения	отношение	NOUN	_	Animacy=Inan|Case=Nom|Gender=Neut|Number=Plur	_	_	_	ass1991m-words#@ass1991m#60.762#61.129
137	тратят	тратить	VERB	_	Aspect=Imp|Mood=Ind|Number=Plur|Person=3|Tense=Pres|VerbForm=Fin|Voice=Act	_	_	_	ass1991m-words#@ass1991m#61.129#61.496
138	твоё	етво	DET	_	Case=Acc|Gender=Neut|Number=Sing	_	_	_	ass1991m-words#@ass1991m#61.496#61.863
139	время	время	NOUN	_	Animacy=Inan|Case=Acc|Gender=Neut|Number=Sing	_	_	_	ass1991m-words#@ass1991m#61.863#62.23
140	/	/	PUNCT	_	_	_	_	_	ass1991m-words#@ass1991m#62.23#62.597
141	ээ	ээ	INTJ	_	_	_	_	_	ass1991m-words#@ass1991m#62.597#62.964
142	работа	работа	NOUN	_	Animacy=Inan|Case=Nom|Gender=Fem|Number=Sing	_	_	_	ass1991m-words#@ass1991m#62.964#63.331
143	тратит	тратить	VERB	_	Aspect=Imp|Mood=Ind|Number=Sing|Person=3|Tense=Pres|VerbForm=Fin|Voice=Act	_	_	_	ass1991m-words#@ass1991m#63.331#63.698
144	твоё	етво	DET	_	Case=Acc|Gender=Neut|Number=Sing	_	_	_	ass1991m-words#@ass1991m#63.698#64.065
145	время	время	NOUN	_	Animacy=Inan|Case=Acc|Gender=Neut|Number=Sing	_	_	_	ass1991m-words#@ass1991m#64.065#64.432
146	//	//	PUNCT	_	_	_	_	_	ass1991m-words#@ass1991m#64.432#64.799
147	деньги	деньги	NOUN	_	Animacy=Inan|Case=Nom|Gender=Fem|Number=Plur	_	_	_	ass1991m-words#@ass1991m#64.799#65.166
148	тратят	тратить	VERB	_	Aspect=Imp|Mood=Ind|Number=Plur|Person=3|Tense=Pres|VerbForm=Fin|Voice=Act	_	_	_	ass1991m-words#@ass1991m#65.166#65.533
149	твоё	етво	DET	_	Case=Acc|Gender=Neut|Number=Sing	_	_	_	ass1991m-words#@ass1991m#65.533#65.9
150	время	время	NOUN	_	Animacy=Inan|Case=Acc|Gender=Neut|Number=Sing	_	_	_	ass1991m-words#@ass1991m#65.9#66.267
151	//	//	PUNCT	_	_	_	_	_	ass1991m-words#@ass1991m#66.267#66.634
152	эм	э	NOUN	_	Animacy=Inan|Case=Acc|Gender=Masc|Number=Sing	_	_	_	ass1991m-words#@ass1991m#66.634#67.001
153	/	/	PUNCT	_	_	_	_	_	ass1991m-words#@ass1991m#67.001#67.368
154	любые	любой	DET	_	Case=Nom|Number=Plur	_	_	_	ass1991m-words#@ass1991m#67.368#67.735
155	взгляды	взгляд	NOUN	_	Animacy=Inan|Case=Nom|Gender=Masc|Number=Plur	_	_	_	ass1991m-words#@ass1991m#67.735#68.102
156	тратят	тратить	VERB	_	Aspect=Imp|Mood=Ind|Number=Plur|Person=3|Tense=Pres|VerbForm=Fin|Voice=Act	_	_	_	ass1991m-words#@ass1991m#68.102#68.469
157	твоё	етво	DET	_	Case=Acc|Gender=Neut|Number=Sing	_	_	_	ass1991m-words#@ass1991m#68.469#68.836
158	время	время	NOUN	_	Animacy=Inan|Case=Acc|Gender=Neut|Number=Sing	_	_	_	ass1991m-words#@ass1991m#68.836#69.203
159	/	/	PUNCT	_	_	_	_	_	ass1991m-words#@ass1991m#69.203#69.57
160	в	в	ADP	_	_	_	_	_	ass1991m-words#@ass1991m#69.57#69.937
161	итоге	итог	NOUN	_	Animacy=Inan|Case=Loc|Gender=Masc|Number=Sing	_	_	_	ass1991m-words#@ass1991m#69.937#70.304
162	у	у	ADP	_	_	_	_	_	ass1991m-words#@ass1991m#70.304#70.671
163	тебя	ты	PRON	_	Case=Gen|Number=Sing|Person=2	_	_	_	ass1991m-words#@ass1991m#70.671#71.038
164	отнимают	отнимать	VERB	_	Aspect=Imp|Mood=Ind|Number=Plur|Person=3|Tense=Pres|VerbForm=Fin|Voice=Act	_	_	_	ass1991m-words#@ass1991m#71.038#71.405
165	это	этот	DET	_	Case=Acc|Gender=Neut|Number=Sing	_	_	_	ass1991m-words#@ass1991m#71.405#71.772
166	время	время	NOUN	_	Animacy=Inan|Case=Acc|Gender=Neut|Number=Sing	_	_	_	ass1991m-words#@ass1991m#71.772#72.139
167	и	и	PART	_	_	_	_	_	ass1991m-words#@ass1991m#72.139#72.506
168	с	с	ADP	_	_	_	_	_	ass1991m-words#@ass1991m#72.506#72.873
169	чем	что	PRON	_	Case=Ins	_	_	_	ass1991m-words#@ass1991m#72.873#73.24
170	ты	ты	PRON	_	Case=Nom|Number=Sing|Person=2	_	_	_	ass1991m-words#@ass1991m#73.24#73.607
171	остаёшься	остаёться	VERB	_	Aspect=Imp|Mood=Ind|Number=Sing|Person=2|Tense=Pres|VerbForm=Fin|Voice=Mid	_	_	_	ass1991m-words#@ass1991m#73.607#73.974
172	ты	ты	PRON	_	Case=Nom|Number=Sing|Person=2	_	_	_	ass1991m-words#@ass1991m#73.974#74.341
173	не	не	PART	_	_	_	_	_	ass1991m-words#@ass1991m#74.341#74.708
174	остаёшься	остаёться	VERB	_	Aspect=Perf|Mood=Ind|Number=Sing|Person=2|Tense=Fut|VerbForm=Fin|Voice=Mid	_	_	_	ass1991m-words#@ass1991m#74.708#75.075
175	сам	сам	ADJ	_	Case=Nom|Degree=Pos|Gender=Masc|Number=Sing	_	_	_	ass1991m-words#@ass1991m#75.075#75.442
176	с	с	ADP	_	_	_	_	_	ass1991m-words#@ass1991m#75.442#75.809
177	собой	себя	PRON	_	Case=Ins	_	_	_	ass1991m-words#@ass1991m#75.809#76.176
178	ты	ты	PRON	_	Case=Nom|Number=Sing|Person=2	_	_	_	ass1991m-words#@ass1991m#76.176#76.543
179	остаёшься	остаёться	VERB	_	Aspect=Imp|Mood=Ind|Number=Sing|Person=2|Tense=Pres|VerbForm=Fin|Voice=Mid	_	_	_	ass1991m-words#@ass1991m#76.543#76.91
180	вот	вот	PART	_	_	_	_	_	ass1991m-words#@ass1991m#76.91#77.277
181	с	с	ADP	_	_	_	_	_	ass1991m-words#@ass1991m#77.277#77.644
182	этим	этот	DET	_	Case=Ins|Gender=Neut|Number=Sing	_	_	_	ass1991m-words#@ass1991m#77.644#78.011
183	вот	вот	PART	_	_	_	_	_	ass1991m-words#@ass1991m#78.011#78.378
184	волоком	волок	NOUN	_	Animacy=Inan|Case=Ins|Gender=Neut|Number=Sing	_	_	_	ass1991m-words#@ass1991m#78.378#78.745
185	всего	весь	PART	_	_	_	_	_	ass1991m-words#@ass1991m#78.745#79.112
186	которое	который	PRON	_	Case=Nom	_	_	_	ass1991m-words#@ass1991m#79.112#79.479
187	у	у	ADP	_	_	_	_	_	ass1991m-words#@ass1991m#79.479#79.846
188	тебя	ты	PRON	_	Case=Gen|Number=Sing|Person=2	_	_	_	ass1991m-words#@ass1991m#79.846#80.213
189	периодически	периодически	ADV	_	Degree=Pos	_	_	_	ass1991m-words#@ass1991m#80.213#80.58
190	кто-то	кто-то	PRON	_	Case=Nom	_	_	_	ass1991m-words#@ass1991m#80.58#80.947
191	подворовывает	подворовывать	VERB	_	Aspect=Imp|Mood=Ind|Number=Sing|Person=3|Tense=Pres|VerbForm=Fin|Voice=Act	_	_	_	ass1991m-words#@ass1991m#80.947#81.314
192	оно	оно	PRON	_	Case=Nom|Gender=Neut|Number=Sing|Person=3	_	_	_	ass1991m-words#@ass1991m#81.314#81.681
193	просто	просто	PART	_	_	_	_	_	ass1991m-words#@ass1991m#81.681#82.048
194	теряется	терять	VERB	_	Aspect=Imp|Mood=Ind|Number=Sing|Person=3|Tense=Pres|VerbForm=Fin|Voice=Mid	_	_	_	ass1991m-words#@ass1991m#82.048#82.528
195	ну	ну	PART	_	_	_	_	_	ass1991m-words#@ass1991m#91.256#91.476
196	так	так	ADV	_	Degree=Pos	_	_	_	ass1991m-words#@ass1991m#91.476#91.696
197	это	это	PRON	_	Animacy=Inan|Case=Nom|Gender=Neut|Number=Sing	_	_	_	ass1991m-words#@ass1991m#91.696#91.916
198	никуда	никуда	ADV	_	Degree=Pos	_	_	_	ass1991m-words#@ass1991m#91.916#92.136
199	и	и	PART	_	_	_	_	_	ass1991m-words#@ass1991m#92.136#92.356
200	не	не	PART	_	_	_	_	_	ass1991m-words#@ass1991m#92.356#92.576
201	девается	деваться	VERB	_	Aspect=Imp|Mood=Ind|Number=Sing|Person=3|Tense=Pres|VerbForm=Fin|Voice=Mid	_	_	_	ass1991m-words#@ass1991m#92.576#92.796
202	но	но	CCONJ	_	_	_	_	_	ass1991m-words#@ass1991m#92.796#93.016
203	тем	то	PRON	_	Animacy=Inan|Case=Ins|Gender=Neut|Number=Sing	_	_	_	ass1991m-words#@ass1991m#93.016#93.236
204	не	не	PART	_	Polarity=Neg	_	_	_	ass1991m-words#@ass1991m#93.236#93.456
205	менее	менее	ADV	_	Degree=Cmp	_	_	_	ass1991m-words#@ass1991m#93.456#93.676
206	вот	вот	PART	_	_	_	_	_	ass1991m-words#@ass1991m#93.676#93.896
207	это	этот	DET	_	Case=Nom|Gender=Neut|Number=Sing	_	_	_	ass1991m-words#@ass1991m#93.896#94.116
208	свободное	свободный	ADJ	_	Case=Nom|Degree=Pos|Gender=Neut|Number=Sing	_	_	_	ass1991m-words#@ass1991m#94.116#94.336
209	время	время	NOUN	_	Animacy=Inan|Case=Nom|Gender=Neut|Number=Sing	_	_	_	ass1991m-words#@ass1991m#94.336#94.556
210	которое	который	PRON	_	Case=Nom	_	_	_	ass1991m-words#@ass1991m#94.556#94.776
211	у	у	ADP	_	_	_	_	_	ass1991m-words#@ass1991m#94.776#94.996
212	меня	я	PRON	_	Case=Gen|Number=Sing|Person=1	_	_	_	ass1991m-words#@ass1991m#94.996#95.216
213	остаётся	оставаться	VERB	_	Aspect=Imp|Mood=Ind|Number=Sing|Person=3|Tense=Pres|VerbForm=Fin|Voice=Mid	_	_	_	ass1991m-words#@ass1991m#95.216#95.436
214	я	я	PRON	_	Case=Nom|Number=Sing|Person=1	_	_	_	ass1991m-words#@ass1991m#95.436#95.656
215	не	не	PART	_	_	_	_	_	ass1991m-words#@ass1991m#95.656#95.876
216	трачу	тратить	VERB	_	Aspect=Perf|Mood=Ind|Number=Sing|Person=1|Tense=Fut|VerbForm=Fin|Voice=Act	_	_	_	ass1991m-words#@ass1991m#95.876#96.096
217	его	он	PRON	_	Case=Acc|Gender=Masc|Number=Sing|Person=3	_	_	_	ass1991m-words#@ass1991m#96.096#96.316
218	на	на	ADP	_	_	_	_	_	ass1991m-words#@ass1991m#96.316#96.536
219	всяякий	всяякий	DET	_	Case=Acc|Gender=Masc|Number=Sing	_	_	_	ass1991m-words#@ass1991m#96.536#96.756
220	/	/	PUNCT	_	_	_	_	_	ass1991m-words#@ass1991m#96.756#96.976
221	ну	ну	PART	_	_	_	_	_	ass1991m-words#@ass1991m#96.976#97.196
222	/	/	PUNCT	_	_	_	_	_	ass1991m-words#@ass1991m#97.196#97.416
223	на	на	ADP	_	_	_	_	_	ass1991m-words#@ass1991m#97.416#97.636
224	всякую	всякий	DET	_	Case=Acc|Gender=Fem|Number=Sing	_	_	_	ass1991m-words#@ass1991m#97.636#97.856
225	мишуру	мишура	NOUN	_	Animacy=Inan|Case=Acc|Gender=Fem|Number=Sing	_	_	_	ass1991m-words#@ass1991m#97.856#98.076
226	/	/	PUNCT	_	_	_	_	_	ass1991m-words#@ass1991m#98.076#98.296
227	я	я	PRON	_	Case=Nom|Number=Sing|Person=1	_	_	_	ass1991m-words#@ass1991m#98.296#98.516
228	стараюсь	стараться	VERB	_	Aspect=Imp|Mood=Ind|Number=Sing|Person=1|Tense=Pres|VerbForm=Fin|Voice=Mid	_	_	_	ass1991m-words#@ass1991m#98.516#98.758
229	стараюсь	стараться	VERB	_	Aspect=Imp|Mood=Ind|Number=Sing|Person=1|Tense=Pres|VerbForm=Fin|Voice=Mid	_	_	_	ass1991m-words#@ass1991m#101.646#101.919
230	работать	работать	VERB	_	Aspect=Imp|VerbForm=Inf|Voice=Act	_	_	_	ass1991m-words#@ass1991m#101.919#102.192
231	над	над	ADP	_	_	_	_	_	ass1991m-words#@ass1991m#102.192#102.465
232	собой	себя	PRON	_	Case=Ins	_	_	_	ass1991m-words#@ass1991m#102.465#102.738
233	просто	просто	PART	_	_	_	_	_	ass1991m-words#@ass1991m#102.738#103.011
234	не	не	PART	_	_	_	_	_	ass1991m-words#@ass1991m#110.036#110.252
235	я	я	PRON	_	Case=Nom|Number=Sing|Person=1	_	_	_	ass1991m-words#@ass1991m#110.252#110.468
236	пытаюсь	пытаться	VERB	_	Aspect=Imp|Mood=Ind|Number=Sing|Person=1|Tense=Pres|VerbForm=Fin|Voice=Mid	_	_	_	ass1991m-words#@ass1991m#110.468#110.684
237	понять	понять	VERB	_	Aspect=Perf|VerbForm=Inf|Voice=Act	_	_	_	ass1991m-words#@ass1991m#110.684#110.9
238	почему	почему	ADV	_	Degree=Pos	_	_	_	ass1991m-words#@ass1991m#110.9#111.116
239	меня	я	PRON	_	Case=Gen|Number=Sing|Person=1	_	_	_	ass1991m-words#@ass1991m#111.116#111.332
240	всё	все	PRON	_	Animacy=Inan|Case=Nom|Gender=Neut|Number=Sing	_	_	_	ass1991m-words#@ass1991m#111.332#111.548
241	не	не	PART	_	_	_	_	_	ass1991m-words#@ass1991m#111.548#111.764
242	устраивает	устраивать	VERB	_	Aspect=Imp|Mood=Ind|Number=Sing|Person=3|Tense=Pres|VerbForm=Fin|Voice=Act	_	_	_	ass1991m-words#@ass1991m#111.764#111.98
243	всё	все	PRON	_	Animacy=Inan|Case=Nom|Gender=Neut|Number=Sing	_	_	_	ass1991m-words#@ass1991m#111.98#112.196
244	равно	равный	ADJ	_	Degree=Pos|Gender=Neut|Number=Sing|Variant=Short	_	_	_	ass1991m-words#@ass1991m#112.196#112.416
245	[смеется]	[смеется]	PUNCT	_	_	_	_	_	ass1991m-words#@ass1991m#112.862#113.538
246	да	да	PART	_	_	_	_	_	ass1991m-words#@ass1991m#113.538#114.214
247	[смеется]	[смеется]	PUNCT	_	_	_	_	_	ass1991m-words#@ass1991m#114.214#114.892
248	совершенно	совершенно	ADV	_	Degree=Pos	_	_	_	ass1991m-words#@ass1991m#116.104#116.498
249	так	так	ADV	_	Degree=Pos	_	_	_	ass1991m-words#@ass1991m#116.498#116.892
250	оно	оно	PRON	_	Case=Nom|Gender=Neut|Number=Sing|Person=3	_	_	_	ass1991m-words#@ass1991m#116.892#117.286
251	и	и	PART	_	_	_	_	_	ass1991m-words#@ass1991m#117.286#117.68
252	есть	быть	AUX	_	Aspect=Imp|Mood=Ind|Number=Sing|Person=3|Tense=Pres|VerbForm=Fin|Voice=Act	_	_	_	ass1991m-words#@ass1991m#117.68#118.074
253	//	//	PUNCT	_	_	_	_	_	ass1991m-words#@ass1991m#118.074#118.468
254	я	я	PRON	_	Case=Nom|Number=Sing|Person=1	_	_	_	ass1991m-words#@ass1991m#118.468#118.862
255	не	не	PART	_	_	_	_	_	ass1991m-words#@ass1991m#118.862#119.256
256	знаю	знать	VERB	_	Aspect=Imp|Mood=Ind|Number=Sing|Person=1|Tense=Pres|VerbForm=Fin|Voice=Act	_	_	_	ass1991m-words#@ass1991m#119.256#119.65
257	/	/	PUNCT	_	_	_	_	_	ass1991m-words#@ass1991m#119.65#120.044
258	я	я	PRON	_	Case=Nom|Number=Sing|Person=1	_	_	_	ass1991m-words#@ass1991m#120.044#120.438
259	не	не	PART	_	_	_	_	_	ass1991m-words#@ass1991m#120.438#120.832
260	знаю	знать	VERB	_	Aspect=Imp|Mood=Ind|Number=Sing|Person=1|Tense=Pres|VerbForm=Fin|Voice=Act	_	_	_	ass1991m-words#@ass1991m#120.832#121.226
261	что	что	PRON	_	Case=Acc	_	_	_	ass1991m-words#@ass1991m#121.226#121.62
262	должно	должен	ADV	_	Degree=Pos	_	_	_	ass1991m-words#@ass1991m#121.62#122.014
263	произойти	произойти	VERB	_	Aspect=Perf|VerbForm=Inf|Voice=Act	_	_	_	ass1991m-words#@ass1991m#122.014#122.408
264	чтобы	чтобы	SCONJ	_	Mood=Cnd	_	_	_	ass1991m-words#@ass1991m#122.408#122.802
265	меня	я	PRON	_	Case=Acc|Number=Sing|Person=1	_	_	_	ass1991m-words#@ass1991m#122.802#123.196
266	стало	стать	VERB	_	Aspect=Perf|Gender=Neut|Mood=Ind|Number=Sing|Tense=Past|VerbForm=Fin|Voice=Mid	_	_	_	ass1991m-words#@ass1991m#123.196#123.59
267	это	это	PRON	_	Animacy=Inan|Case=Acc|Gender=Neut|Number=Sing	_	_	_	ass1991m-words#@ass1991m#123.59#123.984
268	устраивать	устраивать	VERB	_	Aspect=Imp|VerbForm=Inf|Voice=Act	_	_	_	ass1991m-words#@ass1991m#123.984#124.378
269	//	//	PUNCT	_	_	_	_	_	ass1991m-words#@ass1991m#124.378#124.772
270	но	но	CCONJ	_	_	_	_	_	ass1991m-words#@ass1991m#124.772#125.166
271	я	я	PRON	_	Case=Nom|Number=Sing|Person=1	_	_	_	ass1991m-words#@ass1991m#125.166#125.56
272	точно	точно	ADV	_	Degree=Pos	_	_	_	ass1991m-words#@ass1991m#125.56#125.954
273	знаю	знать	VERB	_	Aspect=Imp|Mood=Ind|Number=Sing|Person=1|Tense=Pres|VerbForm=Fin|Voice=Act	_	_	_	ass1991m-words#@ass1991m#125.954#126.348
274	что	что	SCONJ	_	_	_	_	_	ass1991m-words#@ass1991m#126.348#126.742
275	в	в	ADP	_	_	_	_	_	ass1991m-words#@ass1991m#126.742#127.136
276	такие	такой	DET	_	Case=Acc|Number=Plur	_	_	_	ass1991m-words#@ass1991m#127.136#127.53
277	кризисные	кризисный	ADJ	_	Animacy=Inan|Case=Acc|Degree=Pos|Number=Plur	_	_	_	ass1991m-words#@ass1991m#127.53#127.924
278	моменты	момент	NOUN	_	Animacy=Inan|Case=Acc|Gender=Masc|Number=Plur	_	_	_	ass1991m-words#@ass1991m#127.924#128.318
279	у	у	ADP	_	_	_	_	_	ass1991m-words#@ass1991m#128.318#128.712
280	меня	я	PRON	_	Case=Gen|Number=Sing|Person=1	_	_	_	ass1991m-words#@ass1991m#128.712#129.106
281	лучше	хорошо	ADV	_	Degree=Cmp	_	_	_	ass1991m-words#@ass1991m#129.106#129.5
282	голова	голова	NOUN	_	Animacy=Inan|Case=Nom|Gender=Fem|Number=Sing	_	_	_	ass1991m-words#@ass1991m#129.5#129.894
283	работает	работать	VERB	_	Aspect=Imp|Mood=Ind|Number=Sing|Person=3|Tense=Pres|VerbForm=Fin|Voice=Act	_	_	_	ass1991m-words#@ass1991m#129.894#130.288
284	/	/	PUNCT	_	_	_	_	_	ass1991m-words#@ass1991m#130.288#130.682
285	я	я	PRON	_	Case=Nom|Number=Sing|Person=1	_	_	_	ass1991m-words#@ass1991m#130.682#131.076
286	на	на	ADP	_	_	_	_	_	ass1991m-words#@ass1991m#131.076#131.47
287	большие	большой	ADJ	_	Animacy=Inan|Case=Acc|Degree=Pos|Number=Plur	_	_	_	ass1991m-words#@ass1991m#131.47#131.864
288	вещи	вещь	NOUN	_	Animacy=Inan|Case=Acc|Gender=Fem|Number=Plur	_	_	_	ass1991m-words#@ass1991m#131.864#132.258
289	способен	способный	ADJ	_	Degree=Pos|Gender=Masc|Number=Sing|Variant=Short	_	_	_	ass1991m-words#@ass1991m#132.258#132.652
290	//	//	PUNCT	_	_	_	_	_	ass1991m-words#@ass1991m#132.652#133.046
291	потому	потому	ADV	_	Degree=Pos	_	_	_	ass1991m-words#@ass1991m#133.046#133.44
292	что	что	SCONJ	_	_	_	_	_	ass1991m-words#@ass1991m#133.44#133.834
293	в	в	ADP	_	_	_	_	_	ass1991m-words#@ass1991m#133.834#134.228
294	обычное	обычный	ADJ	_	Case=Acc|Degree=Pos|Gender=Neut|Number=Sing	_	_	_	ass1991m-words#@ass1991m#134.228#134.622
295	гражданское	гражданский	ADJ	_	Case=Acc|Degree=Pos|Gender=Neut|Number=Sing	_	_	_	ass1991m-words#@ass1991m#134.622#135.016
296	спокойное	спокойный	ADJ	_	Case=Acc|Degree=Pos|Gender=Neut|Number=Sing	_	_	_	ass1991m-words#@ass1991m#135.016#135.41
297	время	время	NOUN	_	Animacy=Inan|Case=Acc|Gender=Neut|Number=Sing	_	_	_	ass1991m-words#@ass1991m#135.41#135.804
298	я	я	PRON	_	Case=Nom|Number=Sing|Person=1	_	_	_	ass1991m-words#@ass1991m#135.804#136.198
299	чувствую	чувствовать	VERB	_	Aspect=Imp|Mood=Ind|Number=Sing|Person=1|Tense=Pres|VerbForm=Fin|Voice=Act	_	_	_	ass1991m-words#@ass1991m#136.198#136.592
300	себя	себя	PRON	_	Case=Acc	_	_	_	ass1991m-words#@ass1991m#136.592#136.986
301	как	как	SCONJ	_	_	_	_	_	ass1991m-words#@ass1991m#136.986#137.38
302	ветеран	ветеран	NOUN	_	Animacy=Anim|Case=Nom|Gender=Masc|Number=Sing	_	_	_	ass1991m-words#@ass1991m#137.38#137.774
303	который	который	PRON	_	Case=Acc	_	_	_	ass1991m-words#@ass1991m#137.774#138.168
304	вот	вот	PART	_	_	_	_	_	ass1991m-words#@ass1991m#138.168#138.562
305	сидит	сидеть	VERB	_	Aspect=Imp|Mood=Ind|Number=Sing|Person=3|Tense=Pres|VerbForm=Fin|Voice=Act	_	_	_	ass1991m-words#@ass1991m#138.562#138.956
306	и	и	CCONJ	_	_	_	_	_	ass1991m-words#@ass1991m#138.956#139.35
307	ждёт	ждти	VERB	_	Aspect=Imp|Mood=Ind|Number=Sing|Person=3|Tense=Pres|VerbForm=Fin|Voice=Act	_	_	_	ass1991m-words#@ass1991m#139.35#139.744
308	типа	тип	NOUN	_	Animacy=Inan|Case=Gen|Gender=Masc|Number=Sing	_	_	_	ass1991m-words#@ass1991m#139.744#140.138
309	/	/	PUNCT	_	_	_	_	_	ass1991m-words#@ass1991m#140.138#140.579
310	а	а	CCONJ	_	_	_	_	_	ass1991m-words#@ass1991m#145.521#145.807
311	щас	щас	ADV	_	Degree=Pos	_	_	_	ass1991m-words#@ass1991m#145.807#146.093
312	че	что	PRON	_	Case=Nom	_	_	_	ass1991m-words#@ass1991m#146.093#146.379
313	у	у	ADP	_	_	_	_	_	ass1991m-words#@ass1991m#146.379#146.665
314	нас	мы	PRON	_	Case=Gen|Number=Plur|Person=1	_	_	_	ass1991m-words#@ass1991m#146.665#146.951
315	на	на	ADP	_	_	_	_	_	ass1991m-words#@ass1991m#146.951#147.237
316	дворе?	дворе?	SYM	_	_	_	_	_	ass1991m-words#@ass1991m#147.237#147.523
317	кризис	кризис	NOUN	_	Animacy=Inan|Case=Acc|Gender=Masc|Number=Sing	_	_	_	ass1991m-words#@ass1991m#147.523#147.814
318	ну	ну	PART	_	_	_	_	_	ass1991m-words#@ass1991m#149.545#149.8
319	внутренний	внутренний	ADJ	_	Case=Nom|Degree=Pos|Gender=Masc|Number=Sing	_	_	_	ass1991m-words#@ass1991m#149.8#150.055
320	кризис	кризис	NOUN	_	Animacy=Inan|Case=Nom|Gender=Masc|Number=Sing	_	_	_	ass1991m-words#@ass1991m#150.055#150.31
321	так	так	ADV	_	Degree=Pos	_	_	_	ass1991m-words#@ass1991m#150.31#150.565
322	он	он	PRON	_	Case=Nom|Gender=Masc|Number=Sing|Person=3	_	_	_	ass1991m-words#@ass1991m#150.565#150.82
323	вообще	вообще	ADV	_	Degree=Pos	_	_	_	ass1991m-words#@ass1991m#150.82#151.075
324	не...мне	не...я	PRON	_	Case=Dat|Number=Sing|Person=1	_	_	_	ass1991m-words#@ass1991m#151.075#151.33
325	кажется	казаться	VERB	_	Aspect=Imp|Mood=Ind|Number=Sing|Person=3|Tense=Pres|VerbForm=Fin|Voice=Mid	_	_	_	ass1991m-words#@ass1991m#151.33#151.585
326	/	/	PUNCT	_	_	_	_	_	ass1991m-words#@ass1991m#151.585#151.84
327	у	у	ADP	_	_	_	_	_	ass1991m-words#@ass1991m#151.84#152.095
328	каждого	каждый	DET	_	Case=Gen|Gender=Masc|Number=Sing	_	_	_	ass1991m-words#@ass1991m#152.095#152.35
329	человека	человек	NOUN	_	Animacy=Anim|Case=Gen|Gender=Masc|Number=Sing	_	_	_	ass1991m-words#@ass1991m#152.35#152.605
330	каждый	каждый	DET	_	Case=Nom|Gender=Masc|Number=Sing	_	_	_	ass1991m-words#@ass1991m#152.605#152.86
331	день	день	NOUN	_	Animacy=Inan|Case=Nom|Gender=Masc|Number=Sing	_	_	_	ass1991m-words#@ass1991m#152.86#153.115
332	происходит	происходить	VERB	_	Aspect=Imp|Mood=Ind|Number=Sing|Person=3|Tense=Pres|VerbForm=Fin|Voice=Act	_	_	_	ass1991m-words#@ass1991m#153.115#153.371
333	//	//	PUNCT	_	_	_	_	_	ass1991m-words#@ass1991m#155.896#156.187
334	только	только	PART	_	_	_	_	_	ass1991m-words#@ass1991m#156.187#156.478
335	да	да	PART	_	_	_	_	_	ass1991m-words#@ass1991m#156.478#156.769
336	/	/	PUNCT	_	_	_	_	_	ass1991m-words#@ass1991m#156.769#157.06
337	реально	реально	ADV	_	Degree=Pos	_	_	_	ass1991m-words#@ass1991m#157.06#157.351
338	дебил	дебить	NOUN	_	Animacy=Inan|Case=Nom|Gender=Masc|Number=Sing	_	_	_	ass1991m-words#@ass1991m#157.351#157.642
339	может	мочь	VERB	_	Aspect=Imp|Mood=Ind|Number=Sing|Person=3|Tense=Pres|VerbForm=Fin|Voice=Act	_	_	_	ass1991m-words#@ass1991m#157.642#157.933
340	сказать	сказать	VERB	_	Aspect=Perf|VerbForm=Inf|Voice=Act	_	_	_	ass1991m-words#@ass1991m#157.933#158.224
341	[нрзб	[нрз	NOUN	_	Animacy=Inan|Case=Acc|Gender=Masc|Number=Sing	_	_	_	ass1991m-words#@ass1991m#158.224#158.523
342	всё	все	PRON	_	Animacy=Inan|Case=Acc|Gender=Neut|Number=Sing	_	_	_	ass1991m-words#@ass1991m#158.523#158.851
343	классно	классный	ADP	_	_	_	_	_	ass1991m-words#@ass1991m#158.851#159.179
344	каждый	каждый	DET	_	Case=Acc|Gender=Masc|Number=Sing	_	_	_	ass1991m-words#@ass1991m#159.179#159.507
345	день	день	NOUN	_	Animacy=Inan|Case=Acc|Gender=Masc|Number=Sing	_	_	_	ass1991m-words#@ass1991m#159.507#159.835
346	//	//	PUNCT	_	_	_	_	_	ass1991m-words#@ass1991m#159.835#160.163
347	поэтому	поэтому	ADV	_	Degree=Pos	_	_	_	ass1991m-words#@ass1991m#160.163#160.491
348	я	я	PRON	_	Case=Nom|Number=Sing|Person=1	_	_	_	ass1991m-words#@ass1991m#160.491#160.819
349	в	в	ADP	_	_	_	_	_	ass1991m-words#@ass1991m#160.819#161.147
350	общем-то	общей-то	DET	_	Case=Loc|Gender=Masc|Number=Sing	_	_	_	ass1991m-words#@ass1991m#161.147#161.475
351	и	и	CCONJ	_	_	_	_	_	ass1991m-words#@ass1991m#161.475#161.803
352	не	не	PART	_	_	_	_	_	ass1991m-words#@ass1991m#161.803#162.131
353	верю	верить	VERB	_	Aspect=Imp|Mood=Ind|Number=Sing|Person=1|Tense=Pres|VerbForm=Fin|Voice=Act	_	_	_	ass1991m-words#@ass1991m#162.131#162.459
354	такой	такой	DET	_	Case=Dat|Gender=Fem|Number=Sing	_	_	_	ass1991m-words#@ass1991m#162.459#162.787
355	музыке	музыка	NOUN	_	Animacy=Inan|Case=Dat|Gender=Fem|Number=Sing	_	_	_	ass1991m-words#@ass1991m#162.787#163.115
356	/	/	PUNCT	_	_	_	_	_	ass1991m-words#@ass1991m#163.115#163.443
357	знаешь	знать	VERB	_	Aspect=Imp|Mood=Ind|Number=Sing|Person=2|Tense=Pres|VerbForm=Fin|Voice=Act	_	_	_	ass1991m-words#@ass1991m#163.443#163.771
358	которая	который	PRON	_	Case=Nom	_	_	_	ass1991m-words#@ass1991m#163.771#164.099
359	классно	классно	ADP	_	_	_	_	_	ass1991m-words#@ass1991m#164.099#164.427
360	каждый	каждый	DET	_	Case=Acc|Gender=Masc|Number=Sing	_	_	_	ass1991m-words#@ass1991m#164.427#164.755
361	день	день	NOUN	_	Animacy=Inan|Case=Acc|Gender=Masc|Number=Sing	_	_	_	ass1991m-words#@ass1991m#164.755#165.083
362	/	/	PUNCT	_	_	_	_	_	ass1991m-words#@ass1991m#165.083#165.411
363	ну	ну	PART	_	_	_	_	_	ass1991m-words#@ass1991m#165.411#165.739
364	как	как	ADV	_	Degree=Pos	_	_	_	ass1991m-words#@ass1991m#165.739#166.067
365	бы	бы	PART	_	_	_	_	_	ass1991m-words#@ass1991m#166.067#166.395
366	/	/	PUNCT	_	_	_	_	_	ass1991m-words#@ass1991m#166.395#166.723
367	чел	человек	NOUN	_	Animacy=Anim|Case=Gen|Gender=Masc|Number=Plur	_	_	_	ass1991m-words#@ass1991m#166.723#167.051
368	да	да	CCONJ	_	_	_	_	_	ass1991m-words#@ass1991m#167.051#167.379
369	может	мочь	VERB	_	Aspect=Imp|Mood=Ind|Number=Sing|Person=3|Tense=Pres|VerbForm=Fin|Voice=Act	_	_	_	ass1991m-words#@ass1991m#167.379#167.707
370	и	и	CCONJ	_	_	_	_	_	ass1991m-words#@ass1991m#167.707#168.035
371	написал	писать	VERB	_	Aspect=Perf|Gender=Masc|Mood=Ind|Number=Sing|Tense=Past|VerbForm=Fin|Voice=Act	_	_	_	ass1991m-words#@ass1991m#168.035#168.363
372	музыку	музыка	NOUN	_	Animacy=Inan|Case=Acc|Gender=Fem|Number=Sing	_	_	_	ass1991m-words#@ass1991m#168.363#168.691
373	чтобы	чтобы	SCONJ	_	Mood=Cnd	_	_	_	ass1991m-words#@ass1991m#168.691#169.019
374	/	/	PUNCT	_	_	_	_	_	ass1991m-words#@ass1991m#169.019#169.347
375	кому-то	кто-то	PRON	_	Case=Dat	_	_	_	ass1991m-words#@ass1991m#169.347#169.675
376	стало	стать	VERB	_	Aspect=Perf|Gender=Neut|Mood=Ind|Number=Sing|Tense=Past|VerbForm=Fin|Voice=Mid	_	_	_	ass1991m-words#@ass1991m#169.675#170.003
377	классно	классный	ADJ	_	Degree=Pos|Gender=Neut|Number=Sing|Variant=Short	_	_	_	ass1991m-words#@ass1991m#170.003#170.331
378	именно	именно	PART	_	_	_	_	_	ass1991m-words#@ass1991m#170.331#170.659
379	сегодня	сегодня	ADV	_	Degree=Pos	_	_	_	ass1991m-words#@ass1991m#170.659#170.987
380	/	/	PUNCT	_	_	_	_	_	ass1991m-words#@ass1991m#170.987#171.315
381	мы	мы	PRON	_	Case=Nom|Number=Plur|Person=1	_	_	_	ass1991m-words#@ass1991m#171.315#171.643
382	все	все	PART	_	_	_	_	_	ass1991m-words#@ass1991m#171.643#171.971
383	прекрасно	прекрасно	ADV	_	Degree=Pos	_	_	_	ass1991m-words#@ass1991m#171.971#172.299
384	понимаем	понимать	VERB	_	Aspect=Imp|Mood=Ind|Number=Plur|Person=1|Tense=Pres|VerbForm=Fin|Voice=Act	_	_	_	ass1991m-words#@ass1991m#172.299#172.627
385	что	что	SCONJ	_	_	_	_	_	ass1991m-words#@ass1991m#172.627#172.955
386	ты	ты	PRON	_	Case=Nom|Number=Sing|Person=2	_	_	_	ass1991m-words#@ass1991m#172.955#173.283
387	не	не	PART	_	_	_	_	_	ass1991m-words#@ass1991m#173.283#173.611
388	можешь	мочь	VERB	_	Aspect=Imp|Mood=Ind|Number=Sing|Person=2|Tense=Pres|VerbForm=Fin|Voice=Act	_	_	_	ass1991m-words#@ass1991m#173.611#173.939
389	каждый	каждый	DET	_	Case=Acc|Gender=Masc|Number=Sing	_	_	_	ass1991m-words#@ass1991m#173.939#174.267
390	день	день	NOUN	_	Animacy=Inan|Case=Acc|Gender=Masc|Number=Sing	_	_	_	ass1991m-words#@ass1991m#174.267#174.595
391	типа	тип	NOUN	_	Animacy=Inan|Case=Gen|Gender=Masc|Number=Sing	_	_	_	ass1991m-words#@ass1991m#174.595#174.923
392	улыбаться	улыбаться	VERB	_	Aspect=Imp|VerbForm=Inf|Voice=Mid	_	_	_	ass1991m-words#@ass1991m#174.923#175.251
393	ты	ты	PRON	_	Case=Nom|Number=Sing|Person=2	_	_	_	ass1991m-words#@ass1991m#175.251#175.579
394	не	не	PART	_	_	_	_	_	ass1991m-words#@ass1991m#175.579#175.907
395	можешь	мочь	VERB	_	Aspect=Imp|Mood=Ind|Number=Sing|Person=2|Tense=Pres|VerbForm=Fin|Voice=Act	_	_	_	ass1991m-words#@ass1991m#175.907#176.235
396	каждый	каждый	DET	_	Case=Acc|Gender=Masc|Number=Sing	_	_	_	ass1991m-words#@ass1991m#176.235#176.563
397	день	день	NOUN	_	Animacy=Inan|Case=Acc|Gender=Masc|Number=Sing	_	_	_	ass1991m-words#@ass1991m#176.563#176.891
398	чувствовать	чувствовать	VERB	_	Aspect=Imp|VerbForm=Inf|Voice=Act	_	_	_	ass1991m-words#@ass1991m#176.891#177.219
399	себя	себя	PRON	_	Case=Acc	_	_	_	ass1991m-words#@ass1991m#177.219#177.547
400	счастливым	счастливый	ADJ	_	Case=Ins|Degree=Pos|Gender=Neut|Number=Sing	_	_	_	ass1991m-words#@ass1991m#177.547#177.875
401	иначе	иначе	ADV	_	Degree=Pos	_	_	_	ass1991m-words#@ass1991m#177.875#178.203
402	ты	ты	PRON	_	Case=Nom|Number=Sing|Person=2	_	_	_	ass1991m-words#@ass1991m#178.203#178.531
403	не	не	PART	_	_	_	_	_	ass1991m-words#@ass1991m#178.531#178.859
404	жив	живой	ADJ	_	Degree=Pos|Gender=Masc|Number=Sing|Variant=Short	_	_	_	ass1991m-words#@ass1991m#178.859#179.187
405	/	/	PUNCT	_	_	_	_	_	ass1991m-words#@ass1991m#179.187#179.515
406	ни	ни	CCONJ	_	_	_	_	_	ass1991m-words#@ass1991m#179.515#179.843
407	жив	живой	ADJ	_	Degree=Pos|Gender=Masc|Number=Sing|Variant=Short	_	_	_	ass1991m-words#@ass1991m#179.843#180.171
408	ни	ни	CCONJ	_	_	_	_	_	ass1991m-words#@ass1991m#180.171#180.499
409	мёртв	мёртва	ADJ	_	Degree=Pos|Gender=Masc|Number=Sing|Variant=Short	_	_	_	ass1991m-words#@ass1991m#180.499#180.827
410	реально	реально	ADV	_	Degree=Pos	_	_	_	ass1991m-words#@ass1991m#180.827#181.155
411	//	//	PUNCT	_	_	_	_	_	ass1991m-words#@ass1991m#181.155#181.545
412	//	//	PUNCT	_	_	_	_	_	ass1991m-words#@ass1991m#198.398#198.76
413	я	я	PRON	_	Case=Nom|Number=Sing|Person=1	_	_	_	ass1991m-words#@ass1991m#198.76#199.122
414	не	не	PART	_	_	_	_	_	ass1991m-words#@ass1991m#199.122#199.484
415	могу	мочь	VERB	_	Aspect=Imp|Mood=Ind|Number=Sing|Person=1|Tense=Pres|VerbForm=Fin|Voice=Act	_	_	_	ass1991m-words#@ass1991m#199.484#199.846
416	прям	пре	NOUN	_	Animacy=Anim|Case=Dat|Gender=Masc|Number=Plur	_	_	_	ass1991m-words#@ass1991m#199.846#200.208
417	сказать	сказать	VERB	_	Aspect=Perf|VerbForm=Inf|Voice=Act	_	_	_	ass1991m-words#@ass1991m#200.208#200.57
418	поименно	поименно	ADV	_	Degree=Pos	_	_	_	ass1991m-words#@ass1991m#200.57#200.932
419	пофамильно	пофамильно	ADV	_	Degree=Pos	_	_	_	ass1991m-words#@ass1991m#200.932#201.294
420	/	/	PUNCT	_	_	_	_	_	ass1991m-words#@ass1991m#201.294#201.656
421	но	но	CCONJ	_	_	_	_	_	ass1991m-words#@ass1991m#201.656#202.018
422	я	я	PRON	_	Case=Nom|Number=Sing|Person=1	_	_	_	ass1991m-words#@ass1991m#202.018#202.38
423	могу	мочь	VERB	_	Aspect=Imp|Mood=Ind|Number=Sing|Person=1|Tense=Pres|VerbForm=Fin|Voice=Act	_	_	_	ass1991m-words#@ass1991m#202.38#202.742
424	сказать	сказать	VERB	_	Aspect=Perf|VerbForm=Inf|Voice=Act	_	_	_	ass1991m-words#@ass1991m#202.742#203.104
425	что	что	PRON	_	Case=Acc	_	_	_	ass1991m-words#@ass1991m#203.104#203.466
426	каждый	каждый	DET	_	Case=Acc|Gender=Masc|Number=Sing	_	_	_	ass1991m-words#@ass1991m#203.466#203.828
427	кого	кто	PRON	_	Case=Acc	_	_	_	ass1991m-words#@ass1991m#203.828#204.19
428	я	я	PRON	_	Case=Nom|Number=Sing|Person=1	_	_	_	ass1991m-words#@ass1991m#204.19#204.552
429	в	в	ADP	_	_	_	_	_	ass1991m-words#@ass1991m#204.552#204.914
430	общем-то	общей-то	DET	_	Case=Loc|Gender=Masc|Number=Sing	_	_	_	ass1991m-words#@ass1991m#204.914#205.276
431	встречал	встречать	VERB	_	Aspect=Imp|Gender=Masc|Mood=Ind|Number=Sing|Tense=Past|VerbForm=Fin|Voice=Act	_	_	_	ass1991m-words#@ass1991m#205.276#205.638
432	в	в	ADP	_	_	_	_	_	ass1991m-words#@ass1991m#205.638#206.0
433	своём	свой	DET	_	Case=Loc|Gender=Neut|Number=Sing	_	_	_	ass1991m-words#@ass1991m#206.0#206.362
434	роде	род	NOUN	_	Animacy=Inan|Case=Loc|Gender=Masc|Number=Sing	_	_	_	ass1991m-words#@ass1991m#206.362#206.724
435	повлиял	влиять	VERB	_	Aspect=Perf|Gender=Masc|Mood=Ind|Number=Sing|Tense=Past|VerbForm=Fin|Voice=Act	_	_	_	ass1991m-words#@ass1991m#206.724#207.086
436	потому	потому	ADV	_	Degree=Pos	_	_	_	ass1991m-words#@ass1991m#207.086#207.448
437	что	что	SCONJ	_	_	_	_	_	ass1991m-words#@ass1991m#207.448#207.81
438	/	/	PUNCT	_	_	_	_	_	ass1991m-words#@ass1991m#207.81#208.172
439	я	я	PRON	_	Case=Nom|Number=Sing|Person=1	_	_	_	ass1991m-words#@ass1991m#208.172#208.534
440	/	/	PUNCT	_	_	_	_	_	ass1991m-words#@ass1991m#208.534#208.896
441	не	не	PART	_	_	_	_	_	ass1991m-words#@ass1991m#208.896#209.258
442	люблю	любить	VERB	_	Aspect=Imp|Mood=Ind|Number=Sing|Person=1|Tense=Pres|VerbForm=Fin|Voice=Act	_	_	_	ass1991m-words#@ass1991m#209.258#209.62
443	наступать	наступать	VERB	_	Aspect=Imp|VerbForm=Inf|Voice=Act	_	_	_	ass1991m-words#@ass1991m#209.62#209.982
444	/	/	PUNCT	_	_	_	_	_	ass1991m-words#@ass1991m#209.982#210.344
445	дважды	дважды	ADV	_	Degree=Pos	_	_	_	ass1991m-words#@ass1991m#210.344#210.706
446	на	на	ADP	_	_	_	_	_	ass1991m-words#@ass1991m#210.706#211.068
447	одни	один	DET	_	Animacy=Inan|Case=Acc|Degree=Pos|Number=Plur	_	_	_	ass1991m-words#@ass1991m#211.068#211.43
448	грабли	грабли	NOUN	_	Animacy=Inan|Case=Acc|Gender=Masc|Number=Plur	_	_	_	ass1991m-words#@ass1991m#211.43#211.792
449	/	/	PUNCT	_	_	_	_	_	ass1991m-words#@ass1991m#211.792#212.154
450	то	то	PRON	_	Animacy=Inan|Case=Nom|Gender=Neut|Number=Sing	_	_	_	ass1991m-words#@ass1991m#212.154#212.516
451	есть	быть	VERB	_	Aspect=Imp|Mood=Ind|Number=Sing|Person=3|Tense=Pres|VerbForm=Fin|Voice=Act	_	_	_	ass1991m-words#@ass1991m#212.516#212.878
452	я	я	PRON	_	Case=Nom|Number=Sing|Person=1	_	_	_	ass1991m-words#@ass1991m#212.878#213.24
453	учусь	учуться	VERB	_	Aspect=Perf|Mood=Ind|Number=Sing|Person=1|Tense=Fut|VerbForm=Fin|Voice=Mid	_	_	_	ass1991m-words#@ass1991m#213.24#213.602
454	на	на	ADP	_	_	_	_	_	ass1991m-words#@ass1991m#213.602#213.964
455	людских	людской	ADJ	_	Case=Loc|Degree=Pos|Number=Plur	_	_	_	ass1991m-words#@ass1991m#213.964#214.326
456	ошибках	ошибка	NOUN	_	Animacy=Inan|Case=Loc|Gender=Fem|Number=Plur	_	_	_	ass1991m-words#@ass1991m#214.326#214.688
457	/	/	PUNCT	_	_	_	_	_	ass1991m-words#@ass1991m#214.688#215.05
458	я	я	PRON	_	Case=Nom|Number=Sing|Person=1	_	_	_	ass1991m-words#@ass1991m#215.05#215.412
459	наблюдаю	наблюдать	VERB	_	Aspect=Imp|Mood=Ind|Number=Sing|Person=1|Tense=Pres|VerbForm=Fin|Voice=Act	_	_	_	ass1991m-words#@ass1991m#215.412#215.774
460	за	за	ADP	_	_	_	_	_	ass1991m-words#@ass1991m#215.774#216.136
461	людьми	человек	NOUN	_	Animacy=Anim|Case=Ins|Gender=Masc|Number=Plur	_	_	_	ass1991m-words#@ass1991m#216.136#216.498
462	/	/	PUNCT	_	_	_	_	_	ass1991m-words#@ass1991m#216.498#216.86
463	изучаю	изучать	VERB	_	Aspect=Imp|Mood=Ind|Number=Sing|Person=1|Tense=Pres|VerbForm=Fin|Voice=Act	_	_	_	ass1991m-words#@ass1991m#216.86#217.222
464	людей	человек	NOUN	_	Animacy=Anim|Case=Acc|Gender=Masc|Number=Plur	_	_	_	ass1991m-words#@ass1991m#217.222#217.584
465	/	/	PUNCT	_	_	_	_	_	ass1991m-words#@ass1991m#217.584#217.946
466	исходя	исходить	VERB	_	Aspect=Imp|Tense=Pres|VerbForm=Conv|Voice=Act	_	_	_	ass1991m-words#@ass1991m#217.946#218.308
467	из...мне	из...мне	PRON	_	Case=Dat|Number=Sing|Person=1	_	_	_	ass1991m-words#@ass1991m#218.308#218.67
468	проще	просто	ADV	_	Degree=Cmp	_	_	_	ass1991m-words#@ass1991m#218.67#219.032
469	так	так	ADV	_	Degree=Pos	_	_	_	ass1991m-words#@ass1991m#219.032#219.394
470	жить	жить	VERB	_	Aspect=Imp|VerbForm=Inf|Voice=Act	_	_	_	ass1991m-words#@ass1991m#219.394#219.756
471	даже	даже	PART	_	_	_	_	_	ass1991m-words#@ass1991m#219.756#220.118
472	становится	становиться	VERB	_	Aspect=Imp|Mood=Ind|Number=Sing|Person=3|Tense=Pres|VerbForm=Fin|Voice=Mid	_	_	_	ass1991m-words#@ass1991m#220.118#220.48
473	/	/	PUNCT	_	_	_	_	_	ass1991m-words#@ass1991m#220.48#220.842
474	я	я	PRON	_	Case=Nom|Number=Sing|Person=1	_	_	_	ass1991m-words#@ass1991m#220.842#221.204
475	знаю	знать	VERB	_	Aspect=Imp|Mood=Ind|Number=Sing|Person=1|Tense=Pres|VerbForm=Fin|Voice=Act	_	_	_	ass1991m-words#@ass1991m#221.204#221.566
476	что	что	SCONJ	_	_	_	_	_	ass1991m-words#@ass1991m#221.566#221.928
477	вот	вот	PART	_	_	_	_	_	ass1991m-words#@ass1991m#221.928#222.29
478	например	например	ADV	_	Degree=Pos	_	_	_	ass1991m-words#@ass1991m#222.29#222.652
479	вот	вот	PART	_	_	_	_	_	ass1991m-words#@ass1991m#222.652#223.014
480	так	так	ADV	_	Degree=Pos	_	_	_	ass1991m-words#@ass1991m#223.014#223.376
481	/	/	PUNCT	_	_	_	_	_	ass1991m-words#@ass1991m#223.376#223.738
482	вот	вот	PART	_	_	_	_	_	ass1991m-words#@ass1991m#223.738#224.1
483	так	так	ADV	_	Degree=Pos	_	_	_	ass1991m-words#@ass1991m#224.1#224.462
484	делать	делать	VERB	_	Aspect=Imp|VerbForm=Inf|Voice=Act	_	_	_	ass1991m-words#@ass1991m#224.462#224.824
485	не	не	PART	_	_	_	_	_	ass1991m-words#@ass1991m#224.824#225.186
486	стоит	стоить	VERB	_	Aspect=Imp|Mood=Ind|Number=Sing|Person=3|Tense=Pres|VerbForm=Fin|Voice=Act	_	_	_	ass1991m-words#@ass1991m#225.186#225.548
487	/	/	PUNCT	_	_	_	_	_	ass1991m-words#@ass1991m#225.548#225.91
488	я	я	PRON	_	Case=Nom|Number=Sing|Person=1	_	_	_	ass1991m-words#@ass1991m#225.91#226.272
489	понимаю	понимать	VERB	_	Aspect=Imp|Mood=Ind|Number=Sing|Person=1|Tense=Pres|VerbForm=Fin|Voice=Act	_	_	_	ass1991m-words#@ass1991m#226.272#226.634
490	что	что	SCONJ	_	_	_	_	_	ass1991m-words#@ass1991m#226.634#226.996
491	как	как	ADV	_	Degree=Pos	_	_	_	ass1991m-words#@ass1991m#226.996#227.358
492	бы	бы	AUX	_	_	_	_	_	ass1991m-words#@ass1991m#227.358#227.72
493	не	не	PART	_	_	_	_	_	ass1991m-words#@ass1991m#227.72#228.082
494	всё	все	PRON	_	Animacy=Inan|Case=Nom|Gender=Neut|Number=Sing	_	_	_	ass1991m-words#@ass1991m#228.082#228.444
495	ко	к	ADP	_	_	_	_	_	ass1991m-words#@ass1991m#228.444#228.806
496	мне	я	PRON	_	Case=Dat|Number=Sing|Person=1	_	_	_	ass1991m-words#@ass1991m#228.806#229.168
497	применимо	применимый	ADJ	_	Degree=Pos|Gender=Neut|Number=Sing|Variant=Short	_	_	_	ass1991m-words#@ass1991m#229.168#229.53
498	что	что	SCONJ	_	_	_	_	_	ass1991m-words#@ass1991m#229.53#229.892
499	все	весь	DET	_	Case=Nom|Number=Plur	_	_	_	ass1991m-words#@ass1991m#229.892#230.254
500	люди	человек	NOUN	_	Animacy=Anim|Case=Nom|Gender=Masc|Number=Plur	_	_	_	ass1991m-words#@ass1991m#230.254#230.616
501	разные	разный	ADJ	_	Case=Nom|Degree=Pos|Number=Plur	_	_	_	ass1991m-words#@ass1991m#230.616#230.978
502	что...для	что...дль	ADP	_	_	_	_	_	ass1991m-words#@ass1991m#230.978#231.34
503	всех	весь	PRON	_	Animacy=Anim|Case=Gen|Number=Plur	_	_	_	ass1991m-words#@ass1991m#231.34#231.702
504	реальность	реальность	NOUN	_	Animacy=Inan|Case=Nom|Gender=Fem|Number=Sing	_	_	_	ass1991m-words#@ass1991m#231.702#232.064
505	своя	свой	DET	_	Case=Nom|Gender=Fem|Number=Sing	_	_	_	ass1991m-words#@ass1991m#232.064#232.426
506	и	и	CCONJ	_	_	_	_	_	ass1991m-words#@ass1991m#232.426#232.788
507	субъективна	субъективный	ADJ	_	Degree=Pos|Gender=Fem|Number=Sing|Variant=Short	_	_	_	ass1991m-words#@ass1991m#232.788#233.15
508	/	/	PUNCT	_	_	_	_	_	ass1991m-words#@ass1991m#233.15#233.512
509	но	но	CCONJ	_	_	_	_	_	ass1991m-words#@ass1991m#233.512#233.874
510	тем	то	PRON	_	Animacy=Inan|Case=Ins|Gender=Neut|Number=Sing	_	_	_	ass1991m-words#@ass1991m#233.874#234.236
511	не	не	PART	_	Polarity=Neg	_	_	_	ass1991m-words#@ass1991m#234.236#234.598
512	менее	менее	ADV	_	Degree=Cmp	_	_	_	ass1991m-words#@ass1991m#234.598#234.96
513	моя	мой	DET	_	Case=Nom|Gender=Fem|Number=Sing	_	_	_	ass1991m-words#@ass1991m#234.96#235.322
514	вот	вот	PART	_	_	_	_	_	ass1991m-words#@ass1991m#235.322#235.684
515	строится	строить	VERB	_	Aspect=Imp|Mood=Ind|Number=Sing|Person=3|Tense=Pres|VerbForm=Fin|Voice=Pass	_	_	_	ass1991m-words#@ass1991m#235.684#236.046
516	из	из	ADP	_	_	_	_	_	ass1991m-words#@ass1991m#236.046#236.408
517	вот	вот	PART	_	_	_	_	_	ass1991m-words#@ass1991m#236.408#236.77
518	таких	такой	DET	_	Case=Gen|Number=Plur	_	_	_	ass1991m-words#@ass1991m#236.77#237.132
519	пазликов	пазлик	NOUN	_	Animacy=Anim|Case=Gen|Gender=Masc|Number=Plur	_	_	_	ass1991m-words#@ass1991m#237.132#237.494
520	из	из	ADP	_	_	_	_	_	ass1991m-words#@ass1991m#237.494#237.856
521	этих	этот	DET	_	Case=Gen|Number=Plur	_	_	_	ass1991m-words#@ass1991m#237.856#238.218
522	встреч	встреча	NOUN	_	Animacy=Inan|Case=Gen|Gender=Fem|Number=Plur	_	_	_	ass1991m-words#@ass1991m#238.218#238.58
523	маленьких	маленький	ADJ	_	Case=Gen|Degree=Pos|Number=Plur	_	_	_	ass1991m-words#@ass1991m#238.58#238.942
524	коротеньких	коротенький	ADJ	_	Case=Gen|Degree=Pos|Number=Plur	_	_	_	ass1991m-words#@ass1991m#238.942#239.304
525	разговоров	разговор	NOUN	_	Animacy=Inan|Case=Gen|Gender=Masc|Number=Plur	_	_	_	ass1991m-words#@ass1991m#239.304#239.666
526	/	/	PUNCT	_	_	_	_	_	ass1991m-words#@ass1991m#239.666#240.028
527	все	весь	DET	_	Case=Nom|Number=Plur	_	_	_	ass1991m-words#@ass1991m#240.028#240.39
528	они	они	PRON	_	Case=Nom|Number=Plur|Person=3	_	_	_	ass1991m-words#@ass1991m#240.39#240.752
529	в	в	ADP	_	_	_	_	_	ass1991m-words#@ass1991m#240.752#241.114
530	итоге	итог	NOUN	_	Animacy=Inan|Case=Loc|Gender=Masc|Number=Sing	_	_	_	ass1991m-words#@ass1991m#241.114#241.476
531	меня	я	PRON	_	Case=Acc|Number=Sing|Person=1	_	_	_	ass1991m-words#@ass1991m#241.476#241.838
532	делают	делать	VERB	_	Aspect=Imp|Mood=Ind|Number=Plur|Person=3|Tense=Pres|VerbForm=Fin|Voice=Act	_	_	_	ass1991m-words#@ass1991m#241.838#242.2
533	тем	то	DET	_	Case=Ins|Gender=Masc|Number=Sing	_	_	_	ass1991m-words#@ass1991m#242.2#242.562
534	кем	кто	PRON	_	Case=Ins	_	_	_	ass1991m-words#@ass1991m#242.562#242.924
535	я	я	PRON	_	Case=Nom|Number=Sing|Person=1	_	_	_	ass1991m-words#@ass1991m#242.924#243.286
536	являюсь	являться	VERB	_	Aspect=Imp|Mood=Ind|Number=Sing|Person=1|Tense=Pres|VerbForm=Fin|Voice=Mid	_	_	_	ass1991m-words#@ass1991m#243.286#243.648
537	/	/	PUNCT	_	_	_	_	_	ass1991m-words#@ass1991m#243.648#244.01
538	потому	потому	ADV	_	Degree=Pos	_	_	_	ass1991m-words#@ass1991m#244.01#244.372
539	что	что	SCONJ	_	_	_	_	_	ass1991m-words#@ass1991m#244.372#244.734
540	я...в	я...в	NOUN	_	Animacy=Inan|Case=Nom|Gender=Masc|Number=Sing	_	_	_	ass1991m-words#@ass1991m#244.734#245.096
541	общем-то	общей-то	DET	_	Case=Loc|Gender=Masc|Number=Sing	_	_	_	ass1991m-words#@ass1991m#245.096#245.458
542	я	я	PRON	_	Case=Nom|Number=Sing|Person=1	_	_	_	ass1991m-words#@ass1991m#245.458#245.82
543	могу	мочь	VERB	_	Aspect=Imp|Mood=Ind|Number=Sing|Person=1|Tense=Pres|VerbForm=Fin|Voice=Act	_	_	_	ass1991m-words#@ass1991m#245.82#246.182
544	быть	быть	AUX	_	Aspect=Imp|VerbForm=Inf|Voice=Act	_	_	_	ass1991m-words#@ass1991m#246.182#246.544
545	таким	такой	DET	_	Case=Ins|Gender=Masc|Number=Sing	_	_	_	ass1991m-words#@ass1991m#246.544#246.906
546	какой	какой	DET	_	Case=Ins|Gender=Fem|Number=Sing	_	_	_	ass1991m-words#@ass1991m#246.906#247.268
547	я	я	PRON	_	Case=Nom|Number=Sing|Person=1	_	_	_	ass1991m-words#@ass1991m#247.268#247.63
548	есть	быть	AUX	_	Aspect=Imp|Mood=Ind|Number=Sing|Person=3|Tense=Pres|VerbForm=Fin|Voice=Act	_	_	_	ass1991m-words#@ass1991m#247.63#247.992
549	только	только	PART	_	_	_	_	_	ass1991m-words#@ass1991m#247.992#248.354
550	/	/	PUNCT	_	_	_	_	_	ass1991m-words#@ass1991m#248.354#248.716
551	потому	потому	ADV	_	Degree=Pos	_	_	_	ass1991m-words#@ass1991m#248.716#249.078
552	что	что	SCONJ	_	_	_	_	_	ass1991m-words#@ass1991m#249.078#249.44
553	есть	быть	VERB	_	Aspect=Imp|Mood=Ind|Number=Plur|Person=3|Tense=Pres|VerbForm=Fin|Voice=Act	_	_	_	ass1991m-words#@ass1991m#249.44#249.802
554	люди	человек	NOUN	_	Animacy=Anim|Case=Nom|Gender=Masc|Number=Plur	_	_	_	ass1991m-words#@ass1991m#249.802#250.164
555	вокруг	вокруг	ADP	_	_	_	_	_	ass1991m-words#@ass1991m#250.164#250.526
556	меня	я	PRON	_	Case=Gen|Number=Sing|Person=1	_	_	_	ass1991m-words#@ass1991m#250.526#250.888
557	/	/	PUNCT	_	_	_	_	_	ass1991m-words#@ass1991m#250.888#251.25
558	вот	вот	PART	_	_	_	_	_	ass1991m-words#@ass1991m#251.25#251.612
559	даже	даже	PART	_	_	_	_	_	ass1991m-words#@ass1991m#251.612#251.974
560	в	в	ADP	_	_	_	_	_	ass1991m-words#@ass1991m#251.974#252.336
561	этой	этот	DET	_	Case=Loc|Gender=Fem|Number=Sing	_	_	_	ass1991m-words#@ass1991m#252.336#252.698
562	комнате	комната	NOUN	_	Animacy=Inan|Case=Loc|Gender=Fem|Number=Sing	_	_	_	ass1991m-words#@ass1991m#252.698#253.06
563	я	я	PRON	_	Case=Nom|Number=Sing|Person=1	_	_	_	ass1991m-words#@ass1991m#253.06#253.422
564	могу	мочь	VERB	_	Aspect=Imp|Mood=Ind|Number=Sing|Person=1|Tense=Pres|VerbForm=Fin|Voice=Act	_	_	_	ass1991m-words#@ass1991m#253.422#253.784
565	быть	быть	AUX	_	Aspect=Imp|VerbForm=Inf|Voice=Act	_	_	_	ass1991m-words#@ass1991m#253.784#254.146
566	собой	себя	PRON	_	Case=Ins	_	_	_	ass1991m-words#@ass1991m#254.146#254.508
567	потому	потому	ADV	_	Degree=Pos	_	_	_	ass1991m-words#@ass1991m#254.508#254.87
568	что	что	SCONJ	_	_	_	_	_	ass1991m-words#@ass1991m#254.87#255.232
569	вы	вы	PRON	_	Case=Nom|Number=Plur|Person=2	_	_	_	ass1991m-words#@ass1991m#255.232#255.594
570	все	весь	PART	_	_	_	_	_	ass1991m-words#@ass1991m#255.594#255.956
571	здесь	здесь	ADV	_	Degree=Pos	_	_	_	ass1991m-words#@ass1991m#255.956#256.318
572	есть	быть	VERB	_	Aspect=Imp|Mood=Ind|Number=Sing|Person=3|Tense=Pres|VerbForm=Fin|Voice=Act	_	_	_	ass1991m-words#@ass1991m#256.318#256.68
573	/	/	PUNCT	_	_	_	_	_	ass1991m-words#@ass1991m#256.68#257.042
574	если	если	SCONJ	_	_	_	_	_	ass1991m-words#@ass1991m#257.042#257.404
575	б	бы	AUX	_	_	_	_	_	ass1991m-words#@ass1991m#257.404#257.766
576	я	я	PRON	_	Case=Nom|Number=Sing|Person=1	_	_	_	ass1991m-words#@ass1991m#257.766#258.128
577	здесь	здесь	ADV	_	Degree=Pos	_	_	_	ass1991m-words#@ass1991m#258.128#258.49
578	сидел	сидеть	VERB	_	Aspect=Imp|Gender=Masc|Mood=Ind|Number=Sing|Tense=Past|VerbForm=Fin|Voice=Act	_	_	_	ass1991m-words#@ass1991m#258.49#258.852
579	один	один	NUM	_	Animacy=Inan|Case=Acc|Gender=Masc	_	_	_	ass1991m-words#@ass1991m#258.852#259.214
580	меня	я	PRON	_	Case=Acc|Number=Sing|Person=1	_	_	_	ass1991m-words#@ass1991m#259.214#259.576
581	б	бы	AUX	_	_	_	_	_	ass1991m-words#@ass1991m#259.576#259.938
582	возможно	возможный	ADV	_	Degree=Pos	_	_	_	ass1991m-words#@ass1991m#259.938#260.3
583	тут	тут	ADV	_	Degree=Pos	_	_	_	ass1991m-words#@ass1991m#260.3#260.662
584	и	и	PART	_	_	_	_	_	ass1991m-words#@ass1991m#260.662#261.024
585	не	не	PART	_	_	_	_	_	ass1991m-words#@ass1991m#261.024#261.386
586	было	быть	VERB	_	Aspect=Imp|Gender=Neut|Mood=Ind|Number=Sing|Tense=Past|VerbForm=Fin|Voice=Act	_	_	_	ass1991m-words#@ass1991m#261.386#261.748
587	даже	даже	PART	_	_	_	_	_	ass1991m-words#@ass1991m#261.748#262.11
588	/	/	PUNCT	_	_	_	_	_	ass1991m-words#@ass1991m#262.11#262.523
589	я	я	PRON	_	Case=Nom|Number=Sing|Person=1	_	_	_	ass1991m-words#@ass1991m#279.126#279.524
590	думаю	думать	VERB	_	Aspect=Imp|Mood=Ind|Number=Sing|Person=1|Tense=Pres|VerbForm=Fin|Voice=Act	_	_	_	ass1991m-words#@ass1991m#279.524#279.922
591	первый	первый	ADJ	_	Animacy=Inan|Case=Acc|Degree=Pos|Gender=Masc|Number=Sing	_	_	_	ass1991m-words#@ass1991m#279.922#280.32
592	янграша	янграша	NOUN	_	Animacy=Inan|Case=Gen|Gender=Masc|Number=Sing	_	_	_	ass1991m-words#@ass1991m#280.32#280.718
593	тур	тур	NOUN	_	Animacy=Inan|Case=Gen|Gender=Fem|Number=Plur	_	_	_	ass1991m-words#@ass1991m#280.718#281.116
594	/	/	PUNCT	_	_	_	_	_	ass1991m-words#@ass1991m#281.116#281.514
595	повлиял	влиять	VERB	_	Aspect=Perf|Gender=Masc|Mood=Ind|Number=Sing|Tense=Past|VerbForm=Fin|Voice=Act	_	_	_	ass1991m-words#@ass1991m#281.514#281.912
596	так	так	ADV	_	Degree=Pos	_	_	_	ass1991m-words#@ass1991m#281.912#282.31
597	что	что	SCONJ	_	_	_	_	_	ass1991m-words#@ass1991m#282.31#282.708
598	я	я	PRON	_	Case=Nom|Number=Sing|Person=1	_	_	_	ass1991m-words#@ass1991m#282.708#283.106
599	вообще	вообще	ADV	_	Degree=Pos	_	_	_	ass1991m-words#@ass1991m#283.106#283.504
600	перестал	перестать	VERB	_	Aspect=Perf|Gender=Masc|Mood=Ind|Number=Sing|Tense=Past|VerbForm=Fin|Voice=Act	_	_	_	ass1991m-words#@ass1991m#283.504#283.902
601	быть	быть	AUX	_	Aspect=Imp|VerbForm=Inf|Voice=Act	_	_	_	ass1991m-words#@ass1991m#283.902#284.3
602	тем	то	DET	_	Case=Ins|Gender=Masc|Number=Sing	_	_	_	ass1991m-words#@ass1991m#284.3#284.698
603	кем	кто	PRON	_	Case=Ins	_	_	_	ass1991m-words#@ass1991m#284.698#285.096
604	я	я	PRON	_	Case=Nom|Number=Sing|Person=1	_	_	_	ass1991m-words#@ass1991m#285.096#285.494
605	был	быть	AUX	_	Aspect=Imp|Gender=Masc|Mood=Ind|Number=Sing|Tense=Past|VerbForm=Fin|Voice=Act	_	_	_	ass1991m-words#@ass1991m#285.494#285.892
606	на	на	ADP	_	_	_	_	_	ass1991m-words#@ass1991m#285.892#286.29
607	тот	тот	DET	_	Case=Acc|Gender=Masc|Number=Sing	_	_	_	ass1991m-words#@ass1991m#286.29#286.688
608	момент	момент	NOUN	_	Animacy=Inan|Case=Acc|Gender=Masc|Number=Sing	_	_	_	ass1991m-words#@ass1991m#286.688#287.086
609	/	/	PUNCT	_	_	_	_	_	ass1991m-words#@ass1991m#287.086#287.484
610	я	я	PRON	_	Case=Nom|Number=Sing|Person=1	_	_	_	ass1991m-words#@ass1991m#287.484#287.882
611	приехал	приехать	VERB	_	Aspect=Perf|Gender=Masc|Mood=Ind|Number=Sing|Tense=Past|VerbForm=Fin|Voice=Act	_	_	_	ass1991m-words#@ass1991m#287.882#288.28
612	мне	я	PRON	_	Case=Dat|Number=Sing|Person=1	_	_	_	ass1991m-words#@ass1991m#288.28#288.678
613	кажется	казаться	VERB	_	Aspect=Imp|Mood=Ind|Number=Sing|Person=3|Tense=Pres|VerbForm=Fin|Voice=Mid	_	_	_	ass1991m-words#@ass1991m#288.678#289.076
614	как	как	ADV	_	Degree=Pos	_	_	_	ass1991m-words#@ass1991m#289.076#289.474
615	будто	будто	PART	_	_	_	_	_	ass1991m-words#@ass1991m#289.474#289.872
616	после	после	ADP	_	_	_	_	_	ass1991m-words#@ass1991m#289.872#290.27
617	этой	этот	DET	_	Case=Gen|Gender=Fem|Number=Sing	_	_	_	ass1991m-words#@ass1991m#290.27#290.668
618	/	/	PUNCT	_	_	_	_	_	ass1991m-words#@ass1991m#290.668#291.066
619	после	после	ADP	_	_	_	_	_	ass1991m-words#@ass1991m#291.066#291.464
620	войны	война	NOUN	_	Animacy=Inan|Case=Gen|Gender=Fem|Number=Sing	_	_	_	ass1991m-words#@ass1991m#291.464#291.862
621	какой-то	какой-то	DET	_	Case=Nom|Gender=Masc|Number=Sing	_	_	_	ass1991m-words#@ass1991m#291.862#292.26
622	такой	такой	DET	_	Case=Nom|Gender=Masc|Number=Sing	_	_	_	ass1991m-words#@ass1991m#292.26#292.658
623	/	/	PUNCT	_	_	_	_	_	ass1991m-words#@ass1991m#292.658#293.056
624	ну	ну	PART	_	_	_	_	_	ass1991m-words#@ass1991m#293.056#293.454
625	прям	пре	NOUN	_	Animacy=Inan|Case=Dat|Gender=Fem|Number=Plur	_	_	_	ass1991m-words#@ass1991m#293.454#293.852
626	выезд	выезд	NOUN	_	Animacy=Inan|Case=Gen|Gender=Fem|Number=Plur	_	_	_	ass1991m-words#@ass1991m#293.852#294.25
627	/	/	PUNCT	_	_	_	_	_	ass1991m-words#@ass1991m#294.25#294.648
628	маршбросок	маршбросок	NOUN	_	Animacy=Inan|Case=Gen|Gender=Fem|Number=Plur	_	_	_	ass1991m-words#@ass1991m#294.648#295.056
629	я	я	PRON	_	Case=Nom|Number=Sing|Person=1	_	_	_	ass1991m-words#@ass1991m#296.065#296.436
630	не	не	PART	_	_	_	_	_	ass1991m-words#@ass1991m#296.436#296.807
631	помню	помнить	VERB	_	Aspect=Imp|Mood=Ind|Number=Sing|Person=1|Tense=Pres|VerbForm=Fin|Voice=Act	_	_	_	ass1991m-words#@ass1991m#296.807#297.178
632	сколько	сколько	NUM	_	_	_	_	_	ass1991m-words#@ass1991m#297.178#297.549
633	городов	город	NOUN	_	Animacy=Inan|Case=Gen|Gender=Masc|Number=Plur	_	_	_	ass1991m-words#@ass1991m#297.549#297.92
634	было	быть	AUX	_	Aspect=Imp|Gender=Neut|Mood=Ind|Number=Sing|Tense=Past|VerbForm=Fin|Voice=Act	_	_	_	ass1991m-words#@ass1991m#297.92#298.291
635	но	но	ADJ	_	Degree=Pos|Gender=Neut|Number=Sing|Variant=Short	_	_	_	ass1991m-words#@ass1991m#298.291#298.662
636	в	в	ADP	_	_	_	_	_	ass1991m-words#@ass1991m#298.662#299.033
637	общем-то	общей-то	DET	_	Case=Loc|Gender=Masc|Number=Sing	_	_	_	ass1991m-words#@ass1991m#299.033#299.404
638	немного	немного	ADV	_	Degree=Pos	_	_	_	ass1991m-words#@ass1991m#299.404#299.775
639	но	но	CCONJ	_	_	_	_	_	ass1991m-words#@ass1991m#299.775#300.146
640	на	на	ADP	_	_	_	_	_	ass1991m-words#@ass1991m#300.146#300.517
641	тот	тот	DET	_	Case=Acc|Gender=Masc|Number=Sing	_	_	_	ass1991m-words#@ass1991m#300.517#300.888
642	момент	момент	NOUN	_	Animacy=Inan|Case=Acc|Gender=Masc|Number=Sing	_	_	_	ass1991m-words#@ass1991m#300.888#301.259
643	казалось	казаться	VERB	_	Aspect=Imp|Gender=Neut|Mood=Ind|Number=Sing|Tense=Past|VerbForm=Fin|Voice=Mid	_	_	_	ass1991m-words#@ass1991m#301.259#301.63
644	что	что	SCONJ	_	_	_	_	_	ass1991m-words#@ass1991m#301.63#302.001
645	эт	эт	NOUN	_	Animacy=Inan|Case=Dat|Gender=Masc|Number=Sing	_	_	_	ass1991m-words#@ass1991m#302.001#302.372
646	просто	просто	PART	_	_	_	_	_	ass1991m-words#@ass1991m#302.372#302.743
647	оочень	ооченуть	ADV	_	Degree=Pos	_	_	_	ass1991m-words#@ass1991m#302.743#303.114
648	много	много	ADV	_	Degree=Pos	_	_	_	ass1991m-words#@ass1991m#303.114#303.485
649	/	/	PUNCT	_	_	_	_	_	ass1991m-words#@ass1991m#303.485#303.856
650	потому	потому	ADV	_	Degree=Pos	_	_	_	ass1991m-words#@ass1991m#303.856#304.227
651	что	что	SCONJ	_	_	_	_	_	ass1991m-words#@ass1991m#304.227#304.598
652	даже	даже	PART	_	_	_	_	_	ass1991m-words#@ass1991m#304.598#304.969
653	/	/	PUNCT	_	_	_	_	_	ass1991m-words#@ass1991m#304.969#305.34
654	больше	больше	ADV	_	Degree=Cmp	_	_	_	ass1991m-words#@ass1991m#305.34#305.711
655	пяти	пять	NUM	_	Case=Gen	_	_	_	ass1991m-words#@ass1991m#305.711#306.082
656	городов	город	NOUN	_	Animacy=Inan|Case=Gen|Gender=Masc|Number=Plur	_	_	_	ass1991m-words#@ass1991m#306.082#306.453
657	на	на	ADP	_	_	_	_	_	ass1991m-words#@ass1991m#306.453#306.824
658	тот	тот	DET	_	Case=Acc|Gender=Masc|Number=Sing	_	_	_	ass1991m-words#@ass1991m#306.824#307.195
659	момент	момент	NOUN	_	Animacy=Inan|Case=Acc|Gender=Masc|Number=Sing	_	_	_	ass1991m-words#@ass1991m#307.195#307.566
660	казалось	казаться	VERB	_	Aspect=Imp|Gender=Neut|Mood=Ind|Number=Sing|Tense=Past|VerbForm=Fin|Voice=Mid	_	_	_	ass1991m-words#@ass1991m#307.566#307.937
661	типа	тип	NOUN	_	Animacy=Inan|Case=Gen|Gender=Masc|Number=Sing	_	_	_	ass1991m-words#@ass1991m#307.937#308.308
662	вау	вау	NOUN	_	Animacy=Inan|Case=Nom|Gender=Neut|Number=Sing	_	_	_	ass1991m-words#@ass1991m#308.308#308.679
663	как	как	ADV	_	Degree=Pos	_	_	_	ass1991m-words#@ass1991m#308.679#309.05
664	вообще	вообще	ADV	_	Degree=Pos	_	_	_	ass1991m-words#@ass1991m#309.05#309.421
665	это	это	PRON	_	Animacy=Inan|Case=Acc|Gender=Neut|Number=Sing	_	_	_	ass1991m-words#@ass1991m#309.421#309.792
666	осилить	осилить	VERB	_	Aspect=Perf|VerbForm=Inf|Voice=Act	_	_	_	ass1991m-words#@ass1991m#309.792#310.163
667	/	/	PUNCT	_	_	_	_	_	ass1991m-words#@ass1991m#310.163#310.534
668	а	а	CCONJ	_	_	_	_	_	ass1991m-words#@ass1991m#310.534#310.905
669	мы	мы	PRON	_	Case=Nom|Number=Plur|Person=1	_	_	_	ass1991m-words#@ass1991m#310.905#311.276
670	ещё	еще	ADV	_	Degree=Pos	_	_	_	ass1991m-words#@ass1991m#311.276#311.647
671	ездили	ездить	VERB	_	Aspect=Imp|Mood=Ind|Number=Plur|Tense=Past|VerbForm=Fin|Voice=Act	_	_	_	ass1991m-words#@ass1991m#311.647#312.018
672	на	на	ADP	_	_	_	_	_	ass1991m-words#@ass1991m#312.018#312.389
673	этом	этот	DET	_	Case=Loc|Gender=Masc|Number=Sing	_	_	_	ass1991m-words#@ass1991m#312.389#312.76
674	мерседесе	мерседес	NOUN	_	Animacy=Inan|Case=Loc|Gender=Masc|Number=Sing	_	_	_	ass1991m-words#@ass1991m#312.76#313.131
675	спринтере	спринтер	NOUN	_	Animacy=Anim|Case=Loc|Gender=Masc|Number=Sing	_	_	_	ass1991m-words#@ass1991m#313.131#313.502
676	такой	такой	DET	_	Case=Nom|Gender=Masc|Number=Sing	_	_	_	ass1991m-words#@ass1991m#313.502#313.873
677	маршрутка	маршрутка	NOUN	_	Animacy=Inan|Case=Gen|Gender=Masc|Number=Sing	_	_	_	ass1991m-words#@ass1991m#313.873#314.244
678	/	/	PUNCT	_	_	_	_	_	ass1991m-words#@ass1991m#314.244#314.615
679	прр	прр	NOUN	_	Animacy=Inan|Case=Acc|Gender=Masc|Number=Sing	_	_	_	ass1991m-words#@ass1991m#314.615#314.986
680	/	/	PUNCT	_	_	_	_	_	ass1991m-words#@ass1991m#314.986#315.357
681	у	у	ADP	_	_	_	_	_	ass1991m-words#@ass1991m#315.357#315.728
682	всех	весь	DET	_	Case=Acc|Number=Plur	_	_	_	ass1991m-words#@ass1991m#315.728#316.099
683	жопы	жоп	NOUN	_	Animacy=Inan|Case=Acc|Gender=Masc|Number=Plur	_	_	_	ass1991m-words#@ass1991m#316.099#316.47
684	плоские	плоский	ADJ	_	Case=Nom|Degree=Pos|Number=Plur	_	_	_	ass1991m-words#@ass1991m#316.47#316.841
685	/	/	PUNCT	_	_	_	_	_	ass1991m-words#@ass1991m#316.841#317.212
686	все	весь	DET	_	Case=Nom|Number=Plur	_	_	_	ass1991m-words#@ass1991m#317.212#317.583
687	ыыы	ыы	NOUN	_	Animacy=Inan|Case=Nom|Gender=Fem|Number=Plur	_	_	_	ass1991m-words#@ass1991m#317.583#317.954
688	вот	вот	PART	_	_	_	_	_	ass1991m-words#@ass1991m#317.954#318.325
689	такие	такой	DET	_	Case=Nom|Number=Plur	_	_	_	ass1991m-words#@ass1991m#318.325#318.696
690	закостеневшие	закостенеть	VERB	_	Aspect=Perf|Case=Nom|Number=Plur|Tense=Past|VerbForm=Part|Voice=Act	_	_	_	ass1991m-words#@ass1991m#318.696#319.067
691	денег	деньги	NOUN	_	Animacy=Inan|Case=Gen|Gender=Fem|Number=Plur	_	_	_	ass1991m-words#@ass1991m#319.067#319.438
692	нету	нет	VERB	_	Aspect=Imp|Mood=Ind|Number=Sing|Person=3|Tense=Pres|VerbForm=Fin|Voice=Act	_	_	_	ass1991m-words#@ass1991m#319.438#319.809
693	все	все	PRON	_	Animacy=Anim|Case=Nom|Number=Plur	_	_	_	ass1991m-words#@ass1991m#319.809#320.18
694	хотят	хотеть	VERB	_	Aspect=Imp|Mood=Ind|Number=Plur|Person=3|Tense=Pres|VerbForm=Fin|Voice=Act	_	_	_	ass1991m-words#@ass1991m#320.18#320.551
695	жрать	жрать	VERB	_	Aspect=Imp|VerbForm=Inf|Voice=Act	_	_	_	ass1991m-words#@ass1991m#320.551#320.922
696	оаа	оао	PROPN	_	Animacy=Anim|Case=Acc|Gender=Masc|Number=Sing	_	_	_	ass1991m-words#@ass1991m#320.922#321.293
697	кайф	кайф	NOUN	_	Animacy=Inan|Case=Acc|Gender=Masc|Number=Sing	_	_	_	ass1991m-words#@ass1991m#321.293#321.664
698	/	/	PUNCT	_	_	_	_	_	ass1991m-words#@ass1991m#321.664#322.035
699	вот	вот	PART	_	_	_	_	_	ass1991m-words#@ass1991m#322.035#322.406
700	да	да	PART	_	_	_	_	_	ass1991m-words#@ass1991m#322.406#322.777
701	после	после	ADP	_	_	_	_	_	ass1991m-words#@ass1991m#322.777#323.148
702	этого	это	PRON	_	Animacy=Inan|Case=Gen|Gender=Neut|Number=Sing	_	_	_	ass1991m-words#@ass1991m#323.148#323.519
703	я	я	PRON	_	Case=Nom|Number=Sing|Person=1	_	_	_	ass1991m-words#@ass1991m#323.519#323.89
704	приехал	приехать	VERB	_	Aspect=Perf|Gender=Masc|Mood=Ind|Number=Sing|Tense=Past|VerbForm=Fin|Voice=Act	_	_	_	ass1991m-words#@ass1991m#323.89#324.261
705	и	и	PART	_	_	_	_	_	ass1991m-words#@ass1991m#324.261#324.632
706	такой	такой	DET	_	Case=Nom|Gender=Masc|Number=Sing	_	_	_	ass1991m-words#@ass1991m#324.632#325.003
707	воу	воу	NOUN	_	Animacy=Inan|Case=Nom|Gender=Neut|Number=Sing	_	_	_	ass1991m-words#@ass1991m#325.003#325.374
708	/	/	PUNCT	_	_	_	_	_	ass1991m-words#@ass1991m#325.374#325.745
709	ну	ну	PART	_	_	_	_	_	ass1991m-words#@ass1991m#325.745#326.116
710	и	и	CCONJ	_	_	_	_	_	ass1991m-words#@ass1991m#326.116#326.487
711	как	как	ADV	_	Degree=Pos	_	_	_	ass1991m-words#@ass1991m#326.487#326.858
712	бы	бы	AUX	_	_	_	_	_	ass1991m-words#@ass1991m#326.858#327.229
713	я	я	PRON	_	Case=Nom|Number=Sing|Person=1	_	_	_	ass1991m-words#@ass1991m#327.229#327.6
714	посмотрел	смотреть	VERB	_	Aspect=Perf|Gender=Masc|Mood=Ind|Number=Sing|Tense=Past|VerbForm=Fin|Voice=Act	_	_	_	ass1991m-words#@ass1991m#327.6#327.971
715	как	как	SCONJ	_	_	_	_	_	ass1991m-words#@ass1991m#327.971#328.342
716	чуваки	чувак	NOUN	_	Animacy=Inan|Case=Acc|Gender=Masc|Number=Plur	_	_	_	ass1991m-words#@ass1991m#328.342#328.713
717	себя	себя	PRON	_	Case=Acc	_	_	_	ass1991m-words#@ass1991m#328.713#329.084
718	ведут	вести	VERB	_	Aspect=Imp|Mood=Ind|Number=Plur|Person=3|Tense=Pres|VerbForm=Fin|Voice=Act	_	_	_	ass1991m-words#@ass1991m#329.084#329.455
719	в	в	ADP	_	_	_	_	_	ass1991m-words#@ass1991m#329.455#329.826
720	таких	такой	DET	_	Case=Loc|Number=Plur	_	_	_	ass1991m-words#@ass1991m#329.826#330.197
721	же	же	PART	_	_	_	_	_	ass1991m-words#@ass1991m#330.197#330.568
722	ситуациях	ситуация	NOUN	_	Animacy=Inan|Case=Loc|Gender=Fem|Number=Plur	_	_	_	ass1991m-words#@ass1991m#330.568#330.939
723	в	в	ADP	_	_	_	_	_	ass1991m-words#@ass1991m#330.939#331.31
724	таких	такой	DET	_	Case=Loc|Number=Plur	_	_	_	ass1991m-words#@ass1991m#331.31#331.681
725	же...в	же...в	NOUN	_	Animacy=Inan|Case=Acc|Gender=Masc|Number=Sing	_	_	_	ass1991m-words#@ass1991m#331.681#332.052
726	таком	такой	DET	_	Case=Loc|Gender=Neut|Number=Sing	_	_	_	ass1991m-words#@ass1991m#332.052#332.423
727	же	же	PART	_	_	_	_	_	ass1991m-words#@ass1991m#332.423#332.794
728	положении	положение	NOUN	_	Animacy=Inan|Case=Loc|Gender=Neut|Number=Sing	_	_	_	ass1991m-words#@ass1991m#332.794#333.165
729	как	как	SCONJ	_	_	_	_	_	ass1991m-words#@ass1991m#333.165#333.536
730	и	и	PART	_	_	_	_	_	ass1991m-words#@ass1991m#333.536#333.907
731	я	я	PRON	_	Case=Nom|Number=Sing|Person=1	_	_	_	ass1991m-words#@ass1991m#333.907#334.278
732	в	в	ADP	_	_	_	_	_	ass1991m-words#@ass1991m#334.278#334.649
733	которые	который	PRON	_	Case=Acc	_	_	_	ass1991m-words#@ass1991m#334.649#335.02
734	находились	находиться	VERB	_	Aspect=Imp|Mood=Ind|Number=Plur|Tense=Past|VerbForm=Fin|Voice=Mid	_	_	_	ass1991m-words#@ass1991m#335.02#335.391
735	//	//	PUNCT	_	_	_	_	_	ass1991m-words#@ass1991m#335.391#335.762
736	и	и	CCONJ	_	_	_	_	_	ass1991m-words#@ass1991m#335.762#336.133
737	в	в	ADP	_	_	_	_	_	ass1991m-words#@ass1991m#336.133#336.504
738	общем-то	общей-то	DET	_	Case=Loc|Gender=Masc|Number=Sing	_	_	_	ass1991m-words#@ass1991m#336.504#336.875
739	да	да	CCONJ	_	_	_	_	_	ass1991m-words#@ass1991m#336.875#337.246
740	это	это	PRON	_	Animacy=Inan|Case=Nom|Gender=Neut|Number=Sing	_	_	_	ass1991m-words#@ass1991m#337.246#337.617
741	тоже	тоже	PART	_	_	_	_	_	ass1991m-words#@ass1991m#337.617#337.988
742	сыграло	сыграть	VERB	_	Aspect=Perf|Gender=Neut|Mood=Ind|Number=Sing|Tense=Past|VerbForm=Fin|Voice=Act	_	_	_	ass1991m-words#@ass1991m#337.988#338.359
743	большую	большой	ADJ	_	Case=Acc|Degree=Pos|Gender=Fem|Number=Sing	_	_	_	ass1991m-words#@ass1991m#338.359#338.73
744	роль	роль	NOUN	_	Animacy=Inan|Case=Acc|Gender=Fem|Number=Sing	_	_	_	ass1991m-words#@ass1991m#338.73#339.101
745	и	и	CCONJ	_	_	_	_	_	ass1991m-words#@ass1991m#339.101#339.472
746	изменило	изменить	VERB	_	Aspect=Perf|Gender=Neut|Mood=Ind|Number=Sing|Tense=Past|VerbForm=Fin|Voice=Act	_	_	_	ass1991m-words#@ass1991m#339.472#339.843
747	меня	я	PRON	_	Case=Acc|Number=Sing|Person=1	_	_	_	ass1991m-words#@ass1991m#339.843#340.214
748	по-своему	по-своему	ADV	_	Degree=Pos	_	_	_	ass1991m-words#@ass1991m#340.214#340.585
749	/	/	PUNCT	_	_	_	_	_	ass1991m-words#@ass1991m#340.585#340.956
750	я	я	PRON	_	Case=Nom|Number=Sing|Person=1	_	_	_	ass1991m-words#@ass1991m#340.956#341.327
751	стал	стать	VERB	_	Aspect=Perf|Gender=Masc|Mood=Ind|Number=Sing|Tense=Past|VerbForm=Fin|Voice=Mid	_	_	_	ass1991m-words#@ass1991m#341.327#341.698
752	мне	я	PRON	_	Case=Dat|Number=Sing|Person=1	_	_	_	ass1991m-words#@ass1991m#341.698#342.069
753	кажется	казаться	VERB	_	Aspect=Imp|Mood=Ind|Number=Sing|Person=3|Tense=Pres|VerbForm=Fin|Voice=Mid	_	_	_	ass1991m-words#@ass1991m#342.069#342.44
754	взрослее	взрослее	ADV	_	Degree=Cmp	_	_	_	ass1991m-words#@ass1991m#342.44#342.811
755	на	на	ADP	_	_	_	_	_	ass1991m-words#@ass1991m#342.811#343.182
756	тот	тот	DET	_	Case=Acc|Gender=Masc|Number=Sing	_	_	_	ass1991m-words#@ass1991m#343.182#343.553
757	момент	момент	NOUN	_	Animacy=Inan|Case=Acc|Gender=Masc|Number=Sing	_	_	_	ass1991m-words#@ass1991m#343.553#343.924
758	//	//	PUNCT	_	_	_	_	_	ass1991m-words#@ass1991m#343.924#344.295
759	вот	вот	PART	_	_	_	_	_	ass1991m-words#@ass1991m#344.295#344.666
760	/	/	PUNCT	_	_	_	_	_	ass1991m-words#@ass1991m#344.666#345.037
761	а	а	CCONJ	_	_	_	_	_	ass1991m-words#@ass1991m#345.037#345.408
762	так	так	ADV	_	Degree=Pos	_	_	_	ass1991m-words#@ass1991m#345.408#345.779
763	это	это	PRON	_	Animacy=Inan|Case=Nom|Gender=Neut|Number=Sing	_	_	_	ass1991m-words#@ass1991m#345.779#346.15
764	происходило	происходить	VERB	_	Aspect=Imp|Gender=Neut|Mood=Ind|Number=Sing|Tense=Past|VerbForm=Fin|Voice=Act	_	_	_	ass1991m-words#@ass1991m#346.15#346.521
765	столько	столько	ADV	_	Degree=Pos	_	_	_	ass1991m-words#@ass1991m#346.521#346.892
766	раз	раз	NOUN	_	Animacy=Inan|Case=Acc|Gender=Masc|Number=Sing	_	_	_	ass1991m-words#@ass1991m#346.892#347.263
767	что	что	PRON	_	Case=Acc	_	_	_	ass1991m-words#@ass1991m#347.263#347.634
768	я	я	PRON	_	Case=Nom|Number=Sing|Person=1	_	_	_	ass1991m-words#@ass1991m#347.634#348.005
769	даже	даже	PART	_	_	_	_	_	ass1991m-words#@ass1991m#348.005#348.376
770	и	и	PART	_	_	_	_	_	ass1991m-words#@ass1991m#348.376#348.747
771	не	не	PART	_	_	_	_	_	ass1991m-words#@ass1991m#348.747#349.118
772	вспомню	вспомянуть	VERB	_	Aspect=Perf|Mood=Ind|Number=Sing|Person=1|Tense=Fut|VerbForm=Fin|Voice=Act	_	_	_	ass1991m-words#@ass1991m#349.118#349.489
773	/	/	PUNCT	_	_	_	_	_	ass1991m-words#@ass1991m#349.489#349.86
774	реально	реально	ADV	_	Degree=Pos	_	_	_	ass1991m-words#@ass1991m#349.86#350.231
775	очень	очень	ADV	_	Degree=Pos	_	_	_	ass1991m-words#@ass1991m#350.231#350.602
776	много	много	ADV	_	Degree=Pos	_	_	_	ass1991m-words#@ass1991m#350.602#350.973
777	вещей	вещь	NOUN	_	Animacy=Inan|Case=Gen|Gender=Fem|Number=Plur	_	_	_	ass1991m-words#@ass1991m#350.973#351.344
778	меня	я	PRON	_	Case=Acc|Number=Sing|Person=1	_	_	_	ass1991m-words#@ass1991m#351.344#351.715
779	прям	пре	NOUN	_	Animacy=Anim|Case=Dat|Gender=Masc|Number=Plur	_	_	_	ass1991m-words#@ass1991m#351.715#352.086
780	кардинально	кардинально	ADV	_	Degree=Pos	_	_	_	ass1991m-words#@ass1991m#352.086#352.457
781	что-то	что-то	PRON	_	Case=Acc	_	_	_	ass1991m-words#@ass1991m#352.457#352.828
782	во	в	ADP	_	_	_	_	_	ass1991m-words#@ass1991m#352.828#353.199
783	мне	я	PRON	_	Case=Dat|Number=Sing|Person=1	_	_	_	ass1991m-words#@ass1991m#353.199#353.57
784	меняли	менять	VERB	_	Aspect=Imp|Mood=Ind|Number=Plur|Tense=Past|VerbForm=Fin|Voice=Act	_	_	_	ass1991m-words#@ass1991m#353.57#353.941
785	/	/	PUNCT	_	_	_	_	_	ass1991m-words#@ass1991m#353.941#354.312
786	потому	потому	ADV	_	Degree=Pos	_	_	_	ass1991m-words#@ass1991m#354.312#354.683
787	что	что	SCONJ	_	_	_	_	_	ass1991m-words#@ass1991m#354.683#355.054
788	я	я	PRON	_	Case=Nom|Number=Sing|Person=1	_	_	_	ass1991m-words#@ass1991m#355.054#355.425
789	всегда	всегда	ADV	_	Degree=Pos	_	_	_	ass1991m-words#@ass1991m#355.425#355.796
790	пытаюсь	пытаться	VERB	_	Aspect=Imp|Mood=Ind|Number=Sing|Person=1|Tense=Pres|VerbForm=Fin|Voice=Mid	_	_	_	ass1991m-words#@ass1991m#355.796#356.167
791	ну	ну	PART	_	_	_	_	_	ass1991m-words#@ass1991m#356.167#356.538
792	уловить	уловить	VERB	_	Aspect=Perf|VerbForm=Inf|Voice=Act	_	_	_	ass1991m-words#@ass1991m#356.538#356.909
793	типа	тип	NOUN	_	Animacy=Inan|Case=Gen|Gender=Masc|Number=Sing	_	_	_	ass1991m-words#@ass1991m#356.909#357.28
794	суть	суть	NOUN	_	Animacy=Inan|Case=Acc|Gender=Fem|Number=Sing	_	_	_	ass1991m-words#@ass1991m#357.28#357.651
795	/	/	PUNCT	_	_	_	_	_	ass1991m-words#@ass1991m#357.651#358.022
796	суть	суть	NOUN	_	Animacy=Inan|Case=Acc|Gender=Fem|Number=Sing	_	_	_	ass1991m-words#@ass1991m#358.022#358.393
797	что-то	что-то	PRON	_	Case=Acc	_	_	_	ass1991m-words#@ass1991m#358.393#358.764
798	происходит	происходить	VERB	_	Aspect=Imp|Mood=Ind|Number=Sing|Person=3|Tense=Pres|VerbForm=Fin|Voice=Act	_	_	_	ass1991m-words#@ass1991m#358.764#359.135
799	событие	событие	NOUN	_	Animacy=Inan|Case=Nom|Gender=Neut|Number=Sing	_	_	_	ass1991m-words#@ass1991m#359.135#359.506
800	какое-то	какой-то	DET	_	Case=Nom|Gender=Neut|Number=Sing	_	_	_	ass1991m-words#@ass1991m#359.506#359.877
801	у	у	ADP	_	_	_	_	_	ass1991m-words#@ass1991m#359.877#360.248
802	него	он	PRON	_	Case=Gen|Gender=Masc|Number=Sing|Person=3	_	_	_	ass1991m-words#@ass1991m#360.248#360.619
803	же	же	PART	_	_	_	_	_	ass1991m-words#@ass1991m#360.619#360.99
804	есть	быть	VERB	_	Aspect=Imp|Mood=Ind|Number=Sing|Person=3|Tense=Pres|VerbForm=Fin|Voice=Act	_	_	_	ass1991m-words#@ass1991m#360.99#361.361
805	зерно	зерно	NOUN	_	Animacy=Inan|Case=Nom|Gender=Neut|Number=Sing	_	_	_	ass1991m-words#@ass1991m#361.361#361.732
806	суть	суть	NOUN	_	Animacy=Inan|Case=Nom|Gender=Fem|Number=Sing	_	_	_	ass1991m-words#@ass1991m#361.732#362.103
807	из-за	из-за	ADP	_	_	_	_	_	ass1991m-words#@ass1991m#362.103#362.474
808	чего	что	PRON	_	Case=Gen	_	_	_	ass1991m-words#@ass1991m#362.474#362.845
809	это	это	PRON	_	Animacy=Inan|Case=Nom|Gender=Neut|Number=Sing	_	_	_	ass1991m-words#@ass1991m#362.845#363.216
810	всё	весь	DET	_	Case=Nom|Gender=Neut|Number=Sing	_	_	_	ass1991m-words#@ass1991m#363.216#363.587
811	началось	начаться	VERB	_	Aspect=Perf|Gender=Neut|Mood=Ind|Number=Sing|Tense=Past|VerbForm=Fin|Voice=Mid	_	_	_	ass1991m-words#@ass1991m#363.587#363.958
812	/	/	PUNCT	_	_	_	_	_	ass1991m-words#@ass1991m#363.958#364.329
813	ну	ну	PART	_	_	_	_	_	ass1991m-words#@ass1991m#364.329#364.7
814	вот	вот	PART	_	_	_	_	_	ass1991m-words#@ass1991m#364.7#365.071
815	механизм	механизм	NOUN	_	Animacy=Inan|Case=Nom|Gender=Masc|Number=Sing	_	_	_	ass1991m-words#@ass1991m#365.071#365.442
816	сам	сам	ADJ	_	Case=Nom|Degree=Pos|Gender=Masc|Number=Sing	_	_	_	ass1991m-words#@ass1991m#365.442#365.813
817	понять	понять	VERB	_	Aspect=Perf|VerbForm=Inf|Voice=Act	_	_	_	ass1991m-words#@ass1991m#365.813#366.229
818	а	а	CCONJ	_	_	_	_	_	ssm1975m-words#@ssm1975m#0.25#0.562
819	где	где	ADV	_	Degree=Pos	_	_	_	ssm1975m-words#@ssm1975m#0.562#0.874
820	ты	ты	PRON	_	Case=Nom|Number=Sing|Person=2	_	_	_	ssm1975m-words#@ssm1975m#0.874#1.186
821	помимо	помимо	ADP	_	_	_	_	_	ssm1975m-words#@ssm1975m#1.186#1.498
822	кризисов	кризис	NOUN	_	Animacy=Inan|Case=Gen|Gender=Masc|Number=Plur	_	_	_	ssm1975m-words#@ssm1975m#1.498#1.81
823	берёшь	берёшь	NOUN	_	Animacy=Inan|Case=Acc|Gender=Fem|Number=Sing	_	_	_	ssm1975m-words#@ssm1975m#1.81#2.122
824	/	/	PUNCT	_	_	_	_	_	ssm1975m-words#@ssm1975m#2.122#2.434
825	ааа	аа	NOUN	_	Animacy=Inan|Case=Gen|Gender=Masc|Number=Sing	_	_	_	ssm1975m-words#@ssm1975m#2.434#2.746
826	/	/	PUNCT	_	_	_	_	_	ssm1975m-words#@ssm1975m#2.746#3.058
827	запитываешься	запитываться	VERB	_	Aspect=Imp|Mood=Ind|Number=Sing|Person=2|Tense=Pres|VerbForm=Fin|Voice=Mid	_	_	_	ssm1975m-words#@ssm1975m#3.058#3.37
828	условно	условно	ADV	_	Degree=Pos	_	_	_	ssm1975m-words#@ssm1975m#3.37#3.682
829	говоря	говорить	VERB	_	Aspect=Imp|Tense=Pres|VerbForm=Conv|Voice=Act	_	_	_	ssm1975m-words#@ssm1975m#3.682#3.994
830	че	что	PRON	_	Case=Nom	_	_	_	ssm1975m-words#@ssm1975m#3.994#4.306
831	ты	ты	PRON	_	Case=Nom|Number=Sing|Person=2	_	_	_	ssm1975m-words#@ssm1975m#4.306#4.618
832	смотришь	смотреть	VERB	_	Aspect=Imp|Mood=Ind|Number=Sing|Person=2|Tense=Pres|VerbForm=Fin|Voice=Act	_	_	_	ssm1975m-words#@ssm1975m#4.618#4.93
833	че	что	PRON	_	Case=Nom	_	_	_	ssm1975m-words#@ssm1975m#4.93#5.242
834	ты	ты	PRON	_	Case=Nom|Number=Sing|Person=2	_	_	_	ssm1975m-words#@ssm1975m#5.242#5.554
835	читаешь	читать	VERB	_	Aspect=Imp|Mood=Ind|Number=Sing|Person=2|Tense=Pres|VerbForm=Fin|Voice=Act	_	_	_	ssm1975m-words#@ssm1975m#5.554#5.866
836	или	или	CCONJ	_	_	_	_	_	ssm1975m-words#@ssm1975m#5.866#6.178
837	ты	ты	PRON	_	Case=Nom|Number=Sing|Person=2	_	_	_	ssm1975m-words#@ssm1975m#6.178#6.49
838	ниче	нико	ADV	_	Degree=Pos	_	_	_	ssm1975m-words#@ssm1975m#6.49#6.802
839	не	не	PART	_	_	_	_	_	ssm1975m-words#@ssm1975m#6.802#7.114
840	смотришь	смотреть	VERB	_	Aspect=Perf|Mood=Ind|Number=Sing|Person=2|Tense=Fut|VerbForm=Fin|Voice=Act	_	_	_	ssm1975m-words#@ssm1975m#7.114#7.426
841	и	и	CCONJ	_	_	_	_	_	ssm1975m-words#@ssm1975m#7.426#7.738
842	ниче	нико	ADV	_	Degree=Pos	_	_	_	ssm1975m-words#@ssm1975m#7.738#8.05
843	не	не	PART	_	_	_	_	_	ssm1975m-words#@ssm1975m#8.05#8.362
844	читаешь?	читаешь?	SYM	_	_	_	_	_	ssm1975m-words#@ssm1975m#8.362#8.674
845	//	//	PUNCT	_	_	_	_	_	ssm1975m-words#@ssm1975m#8.674#8.999
846	слушай	слушать	VERB	_	Aspect=Imp|Mood=Imp|Number=Sing|Person=2|VerbForm=Fin|Voice=Act	_	_	_	ssm1975m-words#@ssm1975m#82.527#82.803
847	ну	ну	PART	_	_	_	_	_	ssm1975m-words#@ssm1975m#82.803#83.079
848	из	из	ADP	_	_	_	_	_	ssm1975m-words#@ssm1975m#83.079#83.355
849	этого	это	PRON	_	Animacy=Inan|Case=Gen|Gender=Neut|Number=Sing	_	_	_	ssm1975m-words#@ssm1975m#83.355#83.631
850	с	с	ADP	_	_	_	_	_	ssm1975m-words#@ssm1975m#83.631#83.907
851	другой	другой	ADJ	_	Case=Gen|Degree=Pos|Gender=Fem|Number=Sing	_	_	_	ssm1975m-words#@ssm1975m#83.907#84.183
852	стороны	сторона	NOUN	_	Animacy=Inan|Case=Gen|Gender=Fem|Number=Sing	_	_	_	ssm1975m-words#@ssm1975m#84.183#84.459
853	состоит	состоять	VERB	_	Aspect=Imp|Mood=Ind|Number=Sing|Person=3|Tense=Pres|VerbForm=Fin|Voice=Act	_	_	_	ssm1975m-words#@ssm1975m#84.459#84.735
854	жизнь	жизнь	NOUN	_	Animacy=Inan|Case=Nom|Gender=Fem|Number=Sing	_	_	_	ssm1975m-words#@ssm1975m#84.735#85.011
855	/	/	PUNCT	_	_	_	_	_	ssm1975m-words#@ssm1975m#85.011#85.287
856	здесь	здесь	ADV	_	Degree=Pos	_	_	_	ssm1975m-words#@ssm1975m#85.287#85.563
857	ты	ты	PRON	_	Case=Nom|Number=Sing|Person=2	_	_	_	ssm1975m-words#@ssm1975m#85.563#85.839
858	что-то	что-то	PRON	_	Case=Acc	_	_	_	ssm1975m-words#@ssm1975m#85.839#86.115
859	сказал	сказать	VERB	_	Aspect=Perf|Gender=Masc|Mood=Ind|Number=Sing|Tense=Past|VerbForm=Fin|Voice=Act	_	_	_	ssm1975m-words#@ssm1975m#86.115#86.391
860	тут	тут	ADV	_	Degree=Pos	_	_	_	ssm1975m-words#@ssm1975m#86.391#86.667
861	ты	ты	PRON	_	Case=Nom|Number=Sing|Person=2	_	_	_	ssm1975m-words#@ssm1975m#86.667#86.943
862	с	с	ADP	_	_	_	_	_	ssm1975m-words#@ssm1975m#86.943#87.219
863	кем-то	кто-то	PRON	_	Case=Ins	_	_	_	ssm1975m-words#@ssm1975m#87.219#87.495
864	встретился	встретиться	VERB	_	Aspect=Perf|Gender=Masc|Mood=Ind|Number=Sing|Tense=Past|VerbForm=Fin|Voice=Mid	_	_	_	ssm1975m-words#@ssm1975m#87.495#87.771
865	заработал	заработать	VERB	_	Aspect=Perf|Gender=Masc|Mood=Ind|Number=Sing|Tense=Past|VerbForm=Fin|Voice=Act	_	_	_	ssm1975m-words#@ssm1975m#87.771#88.047
866	тут	тут	ADV	_	Degree=Pos	_	_	_	ssm1975m-words#@ssm1975m#88.047#88.323
867	написал	писать	VERB	_	Aspect=Perf|Gender=Masc|Mood=Ind|Number=Sing|Tense=Past|VerbForm=Fin|Voice=Act	_	_	_	ssm1975m-words#@ssm1975m#88.323#88.599
868	/	/	PUNCT	_	_	_	_	_	ssm1975m-words#@ssm1975m#88.599#88.875
869	тут	тут	ADV	_	Degree=Pos	_	_	_	ssm1975m-words#@ssm1975m#88.875#89.151
870	ты	ты	PRON	_	Case=Nom|Number=Sing|Person=2	_	_	_	ssm1975m-words#@ssm1975m#89.151#89.427
871	выступил	выступить	VERB	_	Aspect=Perf|Gender=Masc|Mood=Ind|Number=Sing|Tense=Past|VerbForm=Fin|Voice=Act	_	_	_	ssm1975m-words#@ssm1975m#89.427#89.703
872	/	/	PUNCT	_	_	_	_	_	ssm1975m-words#@ssm1975m#89.703#89.979
873	это	это	PRON	_	Animacy=Inan|Case=Nom|Gender=Neut|Number=Sing	_	_	_	ssm1975m-words#@ssm1975m#89.979#90.255
874	есть	быть	VERB	_	Aspect=Imp|Mood=Ind|Number=Sing|Person=3|Tense=Pres|VerbForm=Fin|Voice=Act	_	_	_	ssm1975m-words#@ssm1975m#90.255#90.531
875	жизнь	жизнь	NOUN	_	Animacy=Inan|Case=Nom|Gender=Fem|Number=Sing	_	_	_	ssm1975m-words#@ssm1975m#90.531#90.807
876	но	но	CCONJ	_	_	_	_	_	ssm1975m-words#@ssm1975m#99.366#99.651
877	ты	ты	PRON	_	Case=Nom|Number=Sing|Person=2	_	_	_	ssm1975m-words#@ssm1975m#99.651#99.936
878	много	много	ADV	_	Degree=Pos	_	_	_	ssm1975m-words#@ssm1975m#99.936#100.221
879	рефлексируешь	рефлексировать	VERB	_	Aspect=Imp|Mood=Ind|Number=Sing|Person=2|Tense=Pres|VerbForm=Fin|Voice=Act	_	_	_	ssm1975m-words#@ssm1975m#100.221#100.506
880	насколько	насколько	SCONJ	_	_	_	_	_	ssm1975m-words#@ssm1975m#100.506#100.791
881	я	я	PRON	_	Case=Nom|Number=Sing|Person=1	_	_	_	ssm1975m-words#@ssm1975m#100.791#101.076
882	понимаю	понимать	VERB	_	Aspect=Imp|Mood=Ind|Number=Sing|Person=1|Tense=Pres|VerbForm=Fin|Voice=Act	_	_	_	ssm1975m-words#@ssm1975m#101.076#101.361
883	то	то	PRON	_	Animacy=Inan|Case=Nom|Gender=Neut|Number=Sing	_	_	_	ssm1975m-words#@ssm1975m#101.361#101.646
884	есть	быть	VERB	_	Aspect=Imp|Mood=Ind|Number=Sing|Person=3|Tense=Pres|VerbForm=Fin|Voice=Act	_	_	_	ssm1975m-words#@ssm1975m#101.646#101.931
885	ты	ты	PRON	_	Case=Nom|Number=Sing|Person=2	_	_	_	ssm1975m-words#@ssm1975m#101.931#102.216
886	а	а	CCONJ	_	_	_	_	_	ssm1975m-words#@ssm1975m#103.445#103.719
887	когда	когда	SCONJ	_	_	_	_	_	ssm1975m-words#@ssm1975m#103.719#103.993
888	ты	ты	PRON	_	Case=Nom|Number=Sing|Person=2	_	_	_	ssm1975m-words#@ssm1975m#103.993#104.267
889	сам	сам	ADJ	_	Case=Nom|Degree=Pos|Gender=Masc|Number=Sing	_	_	_	ssm1975m-words#@ssm1975m#104.267#104.541
890	с	с	ADP	_	_	_	_	_	ssm1975m-words#@ssm1975m#104.541#104.815
891	собой	себя	PRON	_	Case=Ins	_	_	_	ssm1975m-words#@ssm1975m#104.815#105.089
892	сидишь	сидеть	VERB	_	Aspect=Imp|Mood=Ind|Number=Sing|Person=2|Tense=Pres|VerbForm=Fin|Voice=Act	_	_	_	ssm1975m-words#@ssm1975m#105.089#105.363
893	какие	какой	DET	_	Case=Acc|Number=Plur	_	_	_	ssm1975m-words#@ssm1975m#105.363#105.637
894	вопросы	вопрос	NOUN	_	Animacy=Inan|Case=Acc|Gender=Masc|Number=Plur	_	_	_	ssm1975m-words#@ssm1975m#105.637#105.911
895	себе	себя	PRON	_	Case=Dat	_	_	_	ssm1975m-words#@ssm1975m#105.911#106.185
896	задаёшь?	задаёшь?	PUNCT	_	_	_	_	_	ssm1975m-words#@ssm1975m#106.185#106.459
897	/	/	PUNCT	_	_	_	_	_	ssm1975m-words#@ssm1975m#106.459#106.733
898	ну	ну	PART	_	_	_	_	_	ssm1975m-words#@ssm1975m#106.733#107.007
899	вот	вот	PART	_	_	_	_	_	ssm1975m-words#@ssm1975m#107.007#107.281
900	что	что	PRON	_	Case=Nom	_	_	_	ssm1975m-words#@ssm1975m#107.281#107.555
901	дальше	далеко	ADV	_	Degree=Cmp	_	_	_	ssm1975m-words#@ssm1975m#107.555#107.829
902	там	там	ADV	_	Degree=Pos	_	_	_	ssm1975m-words#@ssm1975m#107.829#108.103
903	/	/	PUNCT	_	_	_	_	_	ssm1975m-words#@ssm1975m#108.103#108.377
904	смысл	смысл	NOUN	_	Animacy=Inan|Case=Nom|Gender=Masc|Number=Sing	_	_	_	ssm1975m-words#@ssm1975m#108.377#108.651
905	жизни	жизнь	NOUN	_	Animacy=Inan|Case=Gen|Gender=Fem|Number=Sing	_	_	_	ssm1975m-words#@ssm1975m#108.651#108.925
906	//	//	PUNCT	_	_	_	_	_	ssm1975m-words#@ssm1975m#108.925#109.203
907	а	а	CCONJ	_	_	_	_	_	ssm1975m-words#@ssm1975m#111.975#112.223
908	тебя	ты	PRON	_	Case=Acc|Number=Sing|Person=2	_	_	_	ssm1975m-words#@ssm1975m#112.223#112.471
909	всё	все	PART	_	_	_	_	_	ssm1975m-words#@ssm1975m#112.471#112.719
910	не	не	PART	_	_	_	_	_	ssm1975m-words#@ssm1975m#112.719#112.967
911	устраивает?	устраивает?	SYM	_	_	_	_	_	ssm1975m-words#@ssm1975m#112.967#113.219
912	ну	ну	PART	_	_	_	_	_	ssm1975m-words#@ssm1975m#114.006#114.263
913	реально	реально	ADV	_	Degree=Pos	_	_	_	ssm1975m-words#@ssm1975m#114.263#114.52
914	[нрзб]	[нрзб]	PUNCT	_	_	_	_	_	ssm1975m-words#@ssm1975m#114.52#114.779
915	слушай	слушае	VERB	_	Aspect=Imp|Mood=Imp|Number=Sing|Person=2|VerbForm=Fin|Voice=Act	_	_	_	ssm1975m-words#@ssm1975m#140.823#141.082
916	ну	ну	PART	_	_	_	_	_	ssm1975m-words#@ssm1975m#141.082#141.341
917	есть	быть	AUX	_	Aspect=Imp|Mood=Ind|Number=Sing|Person=3|Tense=Pres|VerbForm=Fin|Voice=Act	_	_	_	ssm1975m-words#@ssm1975m#141.341#141.6
918	люди	человек	NOUN	_	Animacy=Anim|Case=Nom|Gender=Masc|Number=Plur	_	_	_	ssm1975m-words#@ssm1975m#141.6#141.859
919	кризиса	кризис	NOUN	_	Animacy=Inan|Case=Gen|Gender=Masc|Number=Sing	_	_	_	ssm1975m-words#@ssm1975m#141.859#142.118
920	ты	ты	PRON	_	Case=Nom|Number=Sing|Person=2	_	_	_	ssm1975m-words#@ssm1975m#142.118#142.377
921	явно	явно	ADV	_	Degree=Pos	_	_	_	ssm1975m-words#@ssm1975m#142.377#142.636
922	человек	человек	NOUN	_	Animacy=Anim|Case=Nom|Gender=Masc|Number=Sing	_	_	_	ssm1975m-words#@ssm1975m#142.636#142.895
923	кризиса	кризис	NOUN	_	Animacy=Inan|Case=Gen|Gender=Masc|Number=Sing	_	_	_	ssm1975m-words#@ssm1975m#142.895#143.154
924	это	это	PRON	_	Animacy=Inan|Case=Nom|Gender=Neut|Number=Sing	_	_	_	ssm1975m-words#@ssm1975m#143.154#143.413
925	очевидно	очевидный	ADJ	_	Degree=Pos|Gender=Neut|Number=Sing|Variant=Short	_	_	_	ssm1975m-words#@ssm1975m#143.413#143.672
926	же	же	PART	_	_	_	_	_	ssm1975m-words#@ssm1975m#143.672#143.931
927	/	/	PUNCT	_	_	_	_	_	ssm1975m-words#@ssm1975m#143.931#144.19
928	тебе	ты	PRON	_	Case=Dat|Number=Sing|Person=2	_	_	_	ssm1975m-words#@ssm1975m#144.19#144.449
929	в	в	ADP	_	_	_	_	_	ssm1975m-words#@ssm1975m#144.449#144.708
930	кризисе	кризис	NOUN	_	Animacy=Inan|Case=Loc|Gender=Masc|Number=Sing	_	_	_	ssm1975m-words#@ssm1975m#144.708#144.967
931	лучше	хороший	ADV	_	Degree=Cmp	_	_	_	ssm1975m-words#@ssm1975m#144.967#145.226
932	/	/	PUNCT	_	_	_	_	_	ssm1975m-words#@ssm1975m#145.226#145.494
933	нет	нет	VERB	_	Aspect=Imp|Mood=Ind|Number=Sing|Person=3|Tense=Pres|VerbForm=Fin|Voice=Act	_	_	_	ssm1975m-words#@ssm1975m#147.777#148.197
934	внутренний	внутренний	ADJ	_	Case=Nom|Degree=Pos|Gender=Masc|Number=Sing	_	_	_	ssm1975m-words#@ssm1975m#148.197#148.617
935	кризис	кризис	NOUN	_	Animacy=Inan|Case=Nom|Gender=Masc|Number=Sing	_	_	_	ssm1975m-words#@ssm1975m#148.617#149.037
936	/	/	PUNCT	_	_	_	_	_	ssm1975m-words#@ssm1975m#149.037#149.46
937	ну	ну	PART	_	_	_	_	_	ssm1975m-words#@ssm1975m#153.275#153.484
938	если	если	SCONJ	_	_	_	_	_	ssm1975m-words#@ssm1975m#153.484#153.693
939	он	он	PRON	_	Case=Nom|Gender=Masc|Number=Sing|Person=3	_	_	_	ssm1975m-words#@ssm1975m#153.693#153.902
940	не	не	PART	_	_	_	_	_	ssm1975m-words#@ssm1975m#153.902#154.111
941	дебил	дебить	VERB	_	Aspect=Imp|Gender=Masc|Mood=Ind|Number=Sing|Tense=Past|VerbForm=Fin|Voice=Act	_	_	_	ssm1975m-words#@ssm1975m#154.111#154.32
942	то	то	SCONJ	_	_	_	_	_	ssm1975m-words#@ssm1975m#154.32#154.529
943	да	да	PART	_	_	_	_	_	ssm1975m-words#@ssm1975m#154.529#154.739
944	всё	все	PRON	_	Animacy=Inan|Case=Nom|Gender=Neut|Number=Sing	_	_	_	ssm1975m-words#@ssm1975m#158.005#158.542
945	классно	классный	ADJ	_	Degree=Pos|Gender=Neut|Number=Sing|Variant=Short	_	_	_	ssm1975m-words#@ssm1975m#158.542#159.079
946	/	/	PUNCT	_	_	_	_	_	ssm1975m-words#@ssm1975m#184.091#184.458
947	а	а	CCONJ	_	_	_	_	_	ssm1975m-words#@ssm1975m#184.458#184.825
948	у	у	ADP	_	_	_	_	_	ssm1975m-words#@ssm1975m#184.825#185.192
949	тебя	ты	PRON	_	Case=Gen|Number=Sing|Person=2	_	_	_	ssm1975m-words#@ssm1975m#185.192#185.559
950	есть	быть	VERB	_	Aspect=Imp|Mood=Ind|Number=Sing|Person=3|Tense=Pres|VerbForm=Fin|Voice=Act	_	_	_	ssm1975m-words#@ssm1975m#185.559#185.926
951	кумиры?	кумиры?	PUNCT	_	_	_	_	_	ssm1975m-words#@ssm1975m#185.926#186.293
952	//	//	PUNCT	_	_	_	_	_	ssm1975m-words#@ssm1975m#186.293#186.66
953	или	или	CCONJ	_	_	_	_	_	ssm1975m-words#@ssm1975m#186.66#187.027
954	люди	человек	NOUN	_	Animacy=Anim|Case=Nom|Gender=Masc|Number=Plur	_	_	_	ssm1975m-words#@ssm1975m#187.027#187.394
955	на	на	ADP	_	_	_	_	_	ssm1975m-words#@ssm1975m#187.394#187.761
956	которых	который	PRON	_	Case=Gen	_	_	_	ssm1975m-words#@ssm1975m#187.761#188.128
957	ты	ты	PRON	_	Case=Nom|Number=Sing|Person=2	_	_	_	ssm1975m-words#@ssm1975m#188.128#188.495
958	под...которым	под...который	ADJ	_	Case=Ins|Degree=Pos|Gender=Neut|Number=Sing	_	_	_	ssm1975m-words#@ssm1975m#188.495#188.862
959	ты	ты	PRON	_	Case=Nom|Number=Sing|Person=2	_	_	_	ssm1975m-words#@ssm1975m#188.862#189.229
960	не	не	PART	_	_	_	_	_	ssm1975m-words#@ssm1975m#189.229#189.596
961	подрожал	дрожать	VERB	_	Aspect=Imp|Gender=Masc|Mood=Ind|Number=Sing|Tense=Past|VerbForm=Fin|Voice=Act	_	_	_	ssm1975m-words#@ssm1975m#189.596#189.963
962	но	но	CCONJ	_	_	_	_	_	ssm1975m-words#@ssm1975m#189.963#190.33
963	которые	который	PRON	_	Case=Acc	_	_	_	ssm1975m-words#@ssm1975m#190.33#190.697
964	скажем	сказать	VERB	_	Aspect=Perf|Mood=Ind|Number=Plur|Person=1|Tense=Fut|VerbForm=Fin|Voice=Act	_	_	_	ssm1975m-words#@ssm1975m#190.697#191.064
965	/	/	PUNCT	_	_	_	_	_	ssm1975m-words#@ssm1975m#191.064#191.431
966	повлияли	влиять	VERB	_	Aspect=Perf|Mood=Ind|Number=Plur|Tense=Past|VerbForm=Fin|Voice=Act	_	_	_	ssm1975m-words#@ssm1975m#191.431#191.798
967	на	на	ADP	_	_	_	_	_	ssm1975m-words#@ssm1975m#191.798#192.165
968	тебя	ты	PRON	_	Case=Acc|Number=Sing|Person=2	_	_	_	ssm1975m-words#@ssm1975m#192.165#192.532
969	достаточно	достаточно	ADV	_	Degree=Pos	_	_	_	ssm1975m-words#@ssm1975m#192.532#192.899
970	сильно	сильно	ADV	_	Degree=Pos	_	_	_	ssm1975m-words#@ssm1975m#192.899#193.266
971	в	в	ADP	_	_	_	_	_	ssm1975m-words#@ssm1975m#193.266#193.633
972	этой	этот	DET	_	Case=Loc|Gender=Fem|Number=Sing	_	_	_	ssm1975m-words#@ssm1975m#193.633#194.0
973	жизни	жизнь	NOUN	_	Animacy=Inan|Case=Loc|Gender=Fem|Number=Sing	_	_	_	ssm1975m-words#@ssm1975m#194.0#194.367
974	/	/	PUNCT	_	_	_	_	_	ssm1975m-words#@ssm1975m#194.367#194.734
975	музыканты	музыкант	NOUN	_	Animacy=Anim|Case=Nom|Gender=Masc|Number=Plur	_	_	_	ssm1975m-words#@ssm1975m#194.734#195.101
976	артисты	артист	NOUN	_	Animacy=Anim|Case=Nom|Gender=Masc|Number=Plur	_	_	_	ssm1975m-words#@ssm1975m#195.101#195.468
977	я	я	PRON	_	Case=Nom|Number=Sing|Person=1	_	_	_	ssm1975m-words#@ssm1975m#195.468#195.835
978	не	не	PART	_	_	_	_	_	ssm1975m-words#@ssm1975m#195.835#196.202
979	знаю	знать	VERB	_	Aspect=Imp|Mood=Ind|Number=Sing|Person=1|Tense=Pres|VerbForm=Fin|Voice=Act	_	_	_	ssm1975m-words#@ssm1975m#196.202#196.569
980	/	/	PUNCT	_	_	_	_	_	ssm1975m-words#@ssm1975m#196.569#196.936
981	музыканты	музыкант	NOUN	_	Animacy=Anim|Case=Nom|Gender=Masc|Number=Plur	_	_	_	ssm1975m-words#@ssm1975m#196.936#197.303
982	скорее	скорее	ADV	_	Degree=Pos	_	_	_	ssm1975m-words#@ssm1975m#197.303#197.67
983	всего	все	PRON	_	Animacy=Inan|Case=Gen|Gender=Neut|Number=Sing	_	_	_	ssm1975m-words#@ssm1975m#197.67#198.068
984	ты	ты	PRON	_	Case=Nom|Number=Sing|Person=2	_	_	_	ssm1975m-words#@ssm1975m#263.176#263.538
985	можешь	мочь	VERB	_	Aspect=Imp|Mood=Ind|Number=Sing|Person=2|Tense=Pres|VerbForm=Fin|Voice=Act	_	_	_	ssm1975m-words#@ssm1975m#263.538#263.9
986	сходу	сход	NOUN	_	Animacy=Inan|Case=Acc|Gender=Fem|Number=Sing	_	_	_	ssm1975m-words#@ssm1975m#263.9#264.262
987	вспомнить	вспомянуть	VERB	_	Aspect=Perf|VerbForm=Inf|Voice=Act	_	_	_	ssm1975m-words#@ssm1975m#264.262#264.624
988	событие	событие	NOUN	_	Animacy=Inan|Case=Acc|Gender=Neut|Number=Sing	_	_	_	ssm1975m-words#@ssm1975m#264.624#264.986
989	которое	который	PRON	_	Case=Nom	_	_	_	ssm1975m-words#@ssm1975m#264.986#265.348
990	/	/	PUNCT	_	_	_	_	_	ssm1975m-words#@ssm1975m#265.348#265.71
991	ну	ну	PART	_	_	_	_	_	ssm1975m-words#@ssm1975m#265.71#266.072
992	наверное	наверное	ADV	_	Degree=Pos	_	_	_	ssm1975m-words#@ssm1975m#266.072#266.434
993	/	/	PUNCT	_	_	_	_	_	ssm1975m-words#@ssm1975m#266.434#266.796
994	изменило	изменить	VERB	_	Aspect=Perf|Gender=Neut|Mood=Ind|Number=Sing|Tense=Past|VerbForm=Fin|Voice=Act	_	_	_	ssm1975m-words#@ssm1975m#266.796#267.158
995	/	/	PUNCT	_	_	_	_	_	ssm1975m-words#@ssm1975m#267.158#267.52
996	вот	вот	PART	_	_	_	_	_	ssm1975m-words#@ssm1975m#267.52#267.882
997	после	после	ADP	_	_	_	_	_	ssm1975m-words#@ssm1975m#267.882#268.244
998	этого	это	PRON	_	Animacy=Inan|Case=Gen|Gender=Neut|Number=Sing	_	_	_	ssm1975m-words#@ssm1975m#268.244#268.606
999	знаешь	знать	VERB	_	Aspect=Imp|Mood=Ind|Number=Sing|Person=2|Tense=Pres|VerbForm=Fin|Voice=Act	_	_	_	ssm1975m-words#@ssm1975m#268.606#268.968
1000	как	как	ADV	_	Degree=Pos	_	_	_	ssm1975m-words#@ssm1975m#268.968#269.33
1001	можно	можно	ADV	_	Degree=Pos	_	_	_	ssm1975m-words#@ssm1975m#269.33#269.692
1002	сказать	сказать	VERB	_	Aspect=Perf|VerbForm=Inf|Voice=Act	_	_	_	ssm1975m-words#@ssm1975m#269.692#270.054
1003	после	после	ADP	_	_	_	_	_	ssm1975m-words#@ssm1975m#270.054#270.416
1004	этого	это	PRON	_	Animacy=Inan|Case=Gen|Gender=Neut|Number=Sing	_	_	_	ssm1975m-words#@ssm1975m#270.416#270.778
1005	я	я	PRON	_	Case=Nom|Number=Sing|Person=1	_	_	_	ssm1975m-words#@ssm1975m#270.778#271.14
1006	стал	стать	VERB	_	Aspect=Perf|Gender=Masc|Mood=Ind|Number=Sing|Tense=Past|VerbForm=Fin|Voice=Mid	_	_	_	ssm1975m-words#@ssm1975m#271.14#271.502
1007	другим	другой	ADJ	_	Case=Ins|Degree=Pos|Gender=Masc|Number=Sing	_	_	_	ssm1975m-words#@ssm1975m#271.502#271.864
1008	человеком	человек	NOUN	_	Animacy=Anim|Case=Ins|Gender=Masc|Number=Sing	_	_	_	ssm1975m-words#@ssm1975m#271.864#272.226
1009	/	/	PUNCT	_	_	_	_	_	ssm1975m-words#@ssm1975m#272.226#272.588
1010	вот	вот	PART	_	_	_	_	_	ssm1975m-words#@ssm1975m#272.588#272.95
1011	это	это	PRON	_	Animacy=Inan|Case=Nom|Gender=Neut|Number=Sing	_	_	_	ssm1975m-words#@ssm1975m#272.95#273.312
1012	ебануло	ебануть	VERB	_	Aspect=Perf|Gender=Neut|Mood=Ind|Number=Sing|Tense=Past|VerbForm=Fin|Voice=Act	_	_	_	ssm1975m-words#@ssm1975m#273.312#273.674
1013	меня	я	PRON	_	Case=Acc|Number=Sing|Person=1	_	_	_	ssm1975m-words#@ssm1975m#273.674#274.036
1014	так	так	ADV	_	Degree=Pos	_	_	_	ssm1975m-words#@ssm1975m#274.036#274.398
1015	что	что	SCONJ	_	_	_	_	_	ssm1975m-words#@ssm1975m#274.398#274.76
1016	я	я	PRON	_	Case=Nom|Number=Sing|Person=1	_	_	_	ssm1975m-words#@ssm1975m#274.76#275.122
1017	стал	стать	VERB	_	Aspect=Perf|Gender=Masc|Mood=Ind|Number=Sing|Tense=Past|VerbForm=Fin|Voice=Act	_	_	_	ssm1975m-words#@ssm1975m#275.122#275.484
1018	друг...это	друг...этый	PRON	_	Animacy=Inan|Case=Acc|Gender=Neut|Number=Sing	_	_	_	ssm1975m-words#@ssm1975m#275.484#275.846
1019	сильно	сильно	ADV	_	Degree=Pos	_	_	_	ssm1975m-words#@ssm1975m#275.846#276.208
1020	повлияло	влиять	VERB	_	Aspect=Perf|Gender=Neut|Mood=Ind|Number=Sing|Tense=Past|VerbForm=Fin|Voice=Act	_	_	_	ssm1975m-words#@ssm1975m#276.208#276.57
1021	на	на	ADP	_	_	_	_	_	ssm1975m-words#@ssm1975m#276.57#276.932
1022	меня	я	PRON	_	Case=Acc|Number=Sing|Person=1	_	_	_	ssm1975m-words#@ssm1975m#276.932#277.294
1023	/	/	PUNCT	_	_	_	_	_	ssm1975m-words#@ssm1975m#277.294#277.69
1024	сколько	сколько	NUM	_	_	_	_	_	ssm1975m-words#@ssm1975m#294.932#295.151
1025	городов	город	NOUN	_	Animacy=Inan|Case=Gen|Gender=Masc|Number=Plur	_	_	_	ssm1975m-words#@ssm1975m#295.151#295.37
1026	было?	было?	PUNCT	_	_	_	_	_	ssm1975m-words#@ssm1975m#295.37#295.591
